CASE_ID,ACCIDENT_YEAR,PROC_DATE,JURIS,COLLISION_DATE,COLLISION_TIME,OFFICER_ID,REPORTING_DISTRICT,DAY_OF_WEEK,CHP_SHIFT,POPULATION,CNTY_CITY_LOC,SPECIAL_COND,BEAT_TYPE,CHP_BEAT_TYPE,CITY_DIVISION_LAPD,CHP_BEAT_CLASS,BEAT_NUMBER,PRIMARY_RD,SECONDARY_RD,DISTANCE,DIRECTION,INTERSECTION,WEATHER_1,WEATHER_2,STATE_HWY_IND,CALTRANS_COUNTY,CALTRANS_DISTRICT,STATE_ROUTE,ROUTE_SUFFIX,POSTMILE_PREFIX,POSTMILE,LOCATION_TYPE,RAMP_INTERSECTION,SIDE_OF_HWY,TOW_AWAY,COLLISION_SEVERITY,NUMBER_KILLED,NUMBER_INJURED,PARTY_COUNT,PRIMARY_COLL_FACTOR,PCF_CODE_OF_VIOL,PCF_VIOL_CATEGORY,PCF_VIOLATION,PCF_VIOL_SUBSECTION,HIT_AND_RUN,TYPE_OF_COLLISION,MVIW,PED_ACTION,ROAD_SURFACE,ROAD_COND_1,ROAD_COND_2,LIGHTING,CONTROL_DEVICE,CHP_ROAD_TYPE,PEDESTRIAN_ACCIDENT,BICYCLE_ACCIDENT,MOTORCYCLE_ACCIDENT,TRUCK_ACCIDENT,NOT_PRIVATE_PROPERTY,ALCOHOL_INVOLVED,STWD_VEHTYPE_AT_FAULT,CHP_VEHTYPE_AT_FAULT,COUNT_SEVERE_INJ,COUNT_VISIBLE_INJ,COUNT_COMPLAINT_PAIN,COUNT_PED_KILLED,COUNT_PED_INJURED,COUNT_BICYCLIST_KILLED,COUNT_BICYCLIST_INJURED,COUNT_MC_KILLED,COUNT_MC_INJURED,PRIMARY_RAMP,SECONDARY_RAMP,LATITUDE,LONGITUDE,COUNTY,CITY,POINT_X,POINT_Y
6567115,2014,2016-04-26,9135,2014-07-08,1825,013553,,2,2,9,1800,0,1,3,,2,651,"RT 299","MUCK VALLEY RD",1320.00,W,N,A,-,Y,LAS,2,299,-,-,8.560,H,-,E,Y,3,0,1,1,A,-,01,23152,A,N,E,I,A,A,H,-,A,D,0,,,,,Y,Y,A,08,0,1,0,0,0,0,0,0,0,"- ","- ",41.060720000000003,-121.21113,LASSEN,UNINCORPORATED,-121.21584853,41.059776810000002
6567164,2014,2014-08-01,9140,2014-06-06,0545,14430,,5,3,9,1800,0,3,5,,2,020,"CENTER RD","JOHNSTONVILLE RD",1056.00,E,N,A,-,N,,,,,,,,,,Y,4,0,1,1,A,-,03,22350,,N,E,I,A,A,H,-,A,D,0,,,,,Y,,A,01,0,0,1,0,0,0,0,0,0,"- ","- ",40.393169999999998,-120.58929000000001,LASSEN,UNINCORPORATED,-120.58878566999999,40.393485750000004
6568800,2014,2016-04-27,9135,2014-07-06,2230,013553,,7,3,9,1800,0,1,3,,2,652,"RT 139","LASSEN COUNTY ROAD A2",10560.00,S,N,A,-,Y,LAS,2,139,-,-,59.520,H,-,S,Y,3,0,1,1,A,-,01,23152,A,N,E,J,A,A,H,-,A,D,0,,,,,Y,Y,D,22,0,1,0,0,0,0,0,0,0,"- ","- ",41.087699999999998,-120.90778,LASSEN,UNINCORPORATED,-120.90699974,41.087145069999998
6590288,2014,2014-09-03,9135,2014-07-29,1820,13145,,2,2,9,1800,0,3,5,,2,007,"DAY RD","OAK WOODS DR",538.00,S,N,A,-,N,,,,,,,,,,Y,2,0,1,1,A,-,01,23152,A,N,E,J,A,A,H,-,A,D,0,,,,,Y,Y,D,22,1,0,0,0,0,0,0,0,0,"- ","- ",,,LASSEN,UNINCORPORATED,-121.33177130999999,41.11335862
6594878,2014,2016-04-28,9140,2014-07-17,2123,013571,,4,2,9,1800,0,1,3,,2,031,"RT 139","MERRILLVILLE RD",10560.00,N,N,B,-,Y,LAS,2,139,-,-,19.670,H,-,S,Y,3,0,1,1,A,-,08,22107,,N,F,A,A,A,H,-,D,D,0,,,Y,,Y,,C,02,0,1,0,0,0,0,0,0,1,"- ","- ",40.599640000000001,-120.64267,LASSEN,UNINCORPORATED,-120.64276916,40.599658040000001
6594888,2014,2016-04-27,9140,2014-08-17,1500,14898,,7,2,9,1800,0,1,3,,2,031,"RT 139","EAGLE LAKE RD",15840.00,S,N,A,-,Y,LAS,2,139,-,-,26.900,H,-,N,Y,2,0,4,1,A,-,01,23152,A,N,F,A,A,A,H,-,A,D,0,,,,,Y,Y,A,01,2,2,0,0,0,0,0,0,0,"- ","- ",40.694890000000001,-120.67004,LASSEN,UNINCORPORATED,-120.67080932,40.696493320000002
6594892,2014,2016-04-28,9140,2014-08-19,0812,16322,,2,1,9,1800,0,1,2,,2,021,"RT 395","WENDEL RD",1056.00,S,N,A,-,Y,LAS,2,395,-,R,76.690,H,-,S,Y,2,0,1,1,A,-,03,22350,,N,E,I,A,A,C,D,A,A,0,,,,,Y,,A,07,1,0,0,0,0,0,0,0,0,"- ","- ",40.377310000000001,-120.31542,LASSEN,UNINCORPORATED,-120.31906923,40.377237880000003
6594896,2014,2016-04-28,9140,2014-08-17,2025,17976,,7,2,9,1800,0,1,2,,2,013,"RT 395","BASS HILL RD",100.00,N,N,A,-,Y,LAS,2,395,-,-,57.580,H,-,S,N,2,0,1,2,A,-,07,21658,A,F,B,C,A,A,H,-,D,D,0,,,Y,,Y,,A,01,1,0,0,0,0,0,0,0,1,"- ","- ",,,LASSEN,UNINCORPORATED,-120.56111962999999,40.340810210000001
6594900,2014,2014-09-08,9140,2014-08-02,2300,19275,,6,3,9,1800,0,3,5,,2,010,"WENDEL RD","VIEWLAND DR",7920.00,E,N,B,-,N,,,,,,,,,,Y,2,0,1,1,A,-,03,22350,,N,F,A,A,A,H,-,D,D,0,,,Y,,Y,,C,02,1,0,0,0,0,0,0,0,1,"- ","- ",,,LASSEN,UNINCORPORATED,-120.23860174000001,40.366216700000003
6594904,2014,2014-09-08,9140,2014-08-05,1912,16322,,2,2,9,1800,0,3,5,,2,020,"RICHMOND RD","SUSAN HILLS DR",325.00,N,N,B,C,N,,,,,,,,,,Y,3,0,1,1,A,-,08,22107,,N,F,A,A,B,H,-,A,D,0,,,,,Y,,A,01,0,1,0,0,0,0,0,0,0,"- ","- ",,,LASSEN,UNINCORPORATED,-120.65162753,40.392674790000001
6595476,2014,2016-04-26,9135,2014-08-02,0815,012421,,6,1,9,1800,0,1,3,,2,651,"RT 299","BIG VALLEY MOUNTAIN RD",6336.00,E,N,A,-,Y,LAS,2,299,-,-,8.940,H,-,W,N,2,0,1,2,A,-,05,21460,A,N,B,C,A,A,H,-,A,D,0,,,Y,,Y,,C,02,1,0,0,0,0,0,0,0,1,"- ","- ",,,LASSEN,UNINCORPORATED,-121.2100482,41.06179393
6600114,2014,2016-04-26,9135,2014-08-15,0600,13553,,5,1,9,1800,0,1,3,,2,651,"RT 299","OLD HIGHWAY RD",10560.00,E,N,A,-,Y,LAS,2,299,-,-,5.840,H,-,W,Y,4,0,1,1,A,-,08,22107,,N,F,A,A,A,H,-,A,D,0,,,,Y,Y,,G,27,0,0,1,0,0,0,0,0,0,"- ","- ",41.071750000000002,-121.26002,LASSEN,UNINCORPORATED,-121.25813091000001,41.07090496
6606084,2014,2014-09-22,9135,2014-05-23,1055,18026,,5,1,9,1800,0,1,3,,2,652,"RT 139","RT 299",19.00,S,N,A,-,Y,LAS,2,139,-,-,47.010,H,-,N,Y,1,1,3,2,A,-,03,22350,,N,C,C,A,A,H,-,A,D,0,,,Y,,Y,,C,02,2,0,1,0,0,0,0,1,3,"- ","- ",,,LASSEN,UNINCORPORATED,-120.7756255,40.954562840000001
6619222,2014,2015-11-19,1801,2014-06-28,0010,832,1801,6,5,3,1801,0,0,0,,0,,"RT 36","ALEXANDER ST",0.00,,Y,A,-,Y,LAS,2,36,-,-,25.250,H,-,W,N,4,0,2,3,A,-,04,21703,,F,C,C,A,A,H,-,C,A,0,,,,,Y,,-,,0,0,2,0,0,0,0,0,0,"- ","- ",,,LASSEN,SUSANVILLE,-120.65079888,40.415938050000001
6646205,2014,2016-04-27,1801,2014-09-28,0521,835,,7,5,3,1801,0,0,0,,0,,"RT 36","GRAND AV",6.00,W,N,A,-,Y,LAS,2,36,-,-,25.150,H,-,E,N,2,0,1,2,A,-,11,21954,A,N,G,B,D,A,H,-,C,A,0,Y,,,,Y,Y,N,60,1,0,0,0,1,0,0,0,0,"- ","- ",,,LASSEN,SUSANVILLE,-120.65254784,40.416340759999997
6648405,2014,2016-04-27,9140,2014-09-16,1740,019493,,2,2,9,1800,0,1,2,,2,013,"RT 395","CHURCH ST",450.00,N,N,A,-,Y,LAS,2,395,-,-,54.210,H,-,N,Y,4,0,2,2,A,-,09,21802,A,N,C,C,A,A,H,-,A,D,0,,,,,Y,,D,22,0,0,2,0,0,0,0,0,0,"- ","- ",40.303690000000003,-120.52517,LASSEN,UNINCORPORATED,-120.52461424000001,40.303319299999998
6648425,2014,2014-12-10,9140,2014-09-29,0530,19680,,1,3,9,1800,0,3,5,,2,030,"MERRILLVILLE RD","RT 139",11616.00,W,N,A,-,N,,,,,,,,,,Y,3,0,1,1,A,-,01,23152,E,N,F,A,A,A,H,-,D,D,0,,,,,Y,,D,22,0,1,0,0,0,0,0,0,0,"- ","- ",,,LASSEN,UNINCORPORATED,-120.66042123,40.554998089999998
6651684,2014,2016-04-27,1801,2014-09-11,1724,835,,4,5,3,1801,0,0,0,,0,,"RT 36","PACIFIC ST",0.00,,Y,A,-,Y,LAS,2,36,-,-,24.990,H,-,W,N,4,0,1,2,A,-,08,22107,,N,C,C,A,A,H,-,A,A,0,,,,,Y,,-,,0,0,1,0,0,0,0,0,0,"- ","- ",,,LASSEN,SUSANVILLE,-120.65533841,40.417016519999997
6657419,2014,2016-04-27,9140,2014-08-26,1245,019493,,2,1,9,1800,0,1,2,,2,015,"RT 395","DOYLE GRADE",2640.00,S,N,A,-,Y,LAS,2,395,-,R,23.720,H,-,N,Y,3,0,1,1,A,-,08,22107,,N,F,A,A,A,H,-,A,D,0,,,,,Y,,D,22,0,1,0,0,0,0,0,0,0,"- ","- ",,,LASSEN,UNINCORPORATED,-120.10557823000001,40.021318639999997
6659140,2014,2016-04-27,9140,2014-09-19,1730,016322,,5,2,9,1800,0,1,2,,2,013,"RT 395","MAIN ST",0.00,,Y,A,-,Y,LAS,2,395,-,-,55.180,I,5,S,Y,3,0,2,2,A,-,09,21802,A,N,D,C,A,A,H,-,A,A,0,,,,,Y,,A,07,0,1,1,0,0,0,0,0,0,"- ","- ",40.313969999999998,-120.53813,LASSEN,UNINCORPORATED,-120.53724846,40.313151359999999
6659144,2014,2016-04-28,9140,2014-09-27,1830,016322,,6,2,9,1800,0,1,3,,2,031,"RT 139","RICE CANYON RD",12672.00,S,N,B,C,Y,LAS,2,139,-,-,6.790,H,-,S,Y,3,0,1,1,A,-,05,21650,,N,F,A,A,B,H,-,B,D,0,,,Y,,Y,,C,02,0,1,0,0,0,0,0,0,1,"- ","- ",40.461210000000001,-120.57874,LASSEN,UNINCORPORATED,-120.57777638,40.461899770000002
6659148,2014,2016-04-27,9140,2014-09-28,1010,020047,,7,1,9,1800,0,1,2,,2,022,"RT 395","KARLO RD",10032.00,N,N,B,C,Y,LAS,2,395,-,-,93.850,H,-,S,Y,3,0,1,1,A,-,08,22107,,N,E,I,A,B,H,-,A,D,0,,,,,Y,,A,01,0,1,0,0,0,0,0,0,0,"- ","- ",,,LASSEN,UNINCORPORATED,-120.24735758999999,40.602202390000002
6659460,2014,2014-11-14,1801,2014-10-08,1630,834,,3,5,3,1801,0,0,0,,0,1801,"CYPRESS ST","RICHMOND RD",117.00,W,N,A,-,N,,,,,,,,,,Y,3,0,1,1,A,-,01,23152,A,N,E,I,A,A,H,-,A,D,0,,,,,Y,Y,-,,0,1,0,0,0,0,0,0,0,"- ","- ",,,LASSEN,SUSANVILLE,-120.66112923999999,40.411120619999998
6659635,2014,2016-06-14,9140,2014-10-05,1200,019493,,7,1,9,1800,0,1,2,,2,022,"RT 395","KARLO RD",23760.00,N,N,A,-,Y,LAS,2,395,-,-,97.640,H,-,S,Y,3,0,1,1,A,-,08,22107,,N,E,I,A,A,H,-,A,D,0,,,,,Y,,A,01,0,1,0,0,0,0,0,0,0,"- ","- ",40.654960000000003,-120.27124000000001,LASSEN,UNINCORPORATED,-120.27050973,40.654336970000003
6664336,2014,2014-10-27,1801,2014-08-23,0005,844,1801,6,5,3,1801,0,0,0,,0,,"N PINE ST","HARRIS DR",0.00,,Y,A,-,N,,,,,,,,,,Y,4,0,3,1,A,-,03,22350,,N,E,I,A,A,H,-,C,D,0,,,,,Y,,-,"- ",0,0,3,0,0,0,0,0,0,"- ","- ",,,LASSEN,SUSANVILLE,-120.66991989,40.421329970000002
6664431,2014,2016-04-27,9140,2014-08-18,1608,014430,,1,2,9,1800,0,1,2,,2,015,"RT 395","MILFORD GRD",0.00,,Y,A,-,Y,LAS,2,395,-,-,41.910,I,5,S,Y,4,0,2,2,A,-,05,21650,,N,D,C,A,A,H,-,A,D,0,,,,,Y,,A,01,0,0,2,0,0,0,0,0,0,"- ","- ",40.169890000000002,-120.36932,LASSEN,UNINCORPORATED,-120.36600959,40.169111620000002
6664435,2014,2016-04-29,9140,2014-08-27,1620,016322,,3,2,9,1800,0,1,3,,2,031,"RT 139","GRASSHOPPER RD",20592.00,N,N,A,-,Y,LAS,2,139,-,-,37.350,H,-,N,Y,3,0,1,1,C,-,18,,,N,H,H,A,A,H,-,A,D,0,,,Y,,Y,,-,"- ",0,1,0,0,0,0,0,0,1,"- ","- ",40.828760000000003,-120.74346,LASSEN,UNINCORPORATED,-120.74267816,40.827864179999999
6664451,2014,2014-10-20,9140,2014-08-20,2100,019447,,3,2,9,1800,0,3,5,,2,010,"BLICKENSTAFF RD","HEMPHILL RD",2640.00,S,N,A,-,N,,,,,,,,,,Y,3,0,1,1,A,-,01,23152,A,N,E,I,A,A,H,-,D,D,0,,,,,Y,Y,A,08,0,1,0,0,0,0,0,0,0,"- ","- ",,,LASSEN,UNINCORPORATED,-120.43670736,40.28549306
6673725,2014,2016-06-14,1801,2014-11-05,1812,830,,3,5,3,1801,0,0,0,,0,,"RT 139","PAUL BUNYAN RD",0.00,,Y,A,-,Y,LAS,2,139,-,-,0.420,I,5,S,N,3,0,1,2,A,-,09,21804,A,N,D,C,A,A,H,-,C,A,0,,,,,Y,,-,,0,1,0,0,0,0,0,0,0,"- ","- ",,,LASSEN,SUSANVILLE,-120.64647992,40.421406830000002
6691627,2014,2016-06-14,9135,2014-10-23,1453,12142,,4,2,9,1800,0,1,3,,2,651,"RT 299","OLD HIGHWAY RD",10032.00,E,N,C,-,Y,LAS,2,299,-,-,5.750,H,-,W,Y,4,0,1,1,A,-,03,22350,,N,F,A,A,B,H,-,A,D,0,,,,Y,Y,,G,25,0,0,1,0,0,0,0,0,0,"- ","- ",,,LASSEN,UNINCORPORATED,-121.25973179,41.071577869999999
6700890,2014,2016-06-14,9165,2014-10-26,1630,19993,,7,2,9,1800,0,1,3,,2,063,"RT 395","RT 70",11616.00,N,N,A,-,Y,LAS,2,395,-,-,6.970,H,-,S,N,4,0,1,2,A,-,"- ",,,N,B,C,A,A,H,-,A,D,0,,,,,Y,,A,01,0,0,1,0,0,0,0,0,0,"- ","- ",,,LASSEN,UNINCORPORATED,-120.03316309,39.809708960000002
6710571,2014,2016-06-14,9140,2014-10-12,0440,014898,,7,3,9,1800,0,1,3,,2,034,"RT 44","HARVEY VALLEY RD",2640.00,W,N,B,-,Y,LAS,2,44,-,-,12.000,H,-,E,Y,2,0,4,1,A,-,08,22107,,N,E,I,A,A,H,-,D,D,0,,,,,Y,,D,22,2,0,2,0,0,0,0,0,0,"- ","- ",40.615580000000001,-121.11829,LASSEN,UNINCORPORATED,-121.12163036,40.617711900000003
6710583,2014,2016-06-14,9140,2014-10-14,1439,019447,,2,2,9,1800,0,1,2,,2,013,"US 395","DIANE DR",4224.00,S,N,F,-,Y,LAS,2,395,-,-,59.520,H,-,N,Y,4,0,2,2,A,-,03,22350,,N,C,C,A,A,H,-,A,D,0,,,,,Y,,D,22,0,0,2,0,0,0,0,0,0,"- ","- ",,,LASSEN,UNINCORPORATED,-120.57161669,40.367019159999998
6710612,2014,2016-06-14,9140,2014-10-27,1610,019275,,1,2,9,1800,0,1,3,,2,032,"RT 44","COUNTY ROAD A21",5280.00,E,N,A,-,Y,LAS,2,44,-,-,20.240,H,-,E,Y,4,0,1,1,A,-,08,22107,,N,F,A,A,A,H,-,A,D,0,,,,Y,Y,,F,27,0,0,1,0,0,0,0,0,0,"- ","- ",,,LASSEN,UNINCORPORATED,-121.02577882999999,40.522647739999996
6710632,2014,2016-06-14,9140,2014-10-14,1730,014568,,2,2,9,1800,0,1,2,,2,013,"US 395","DIANE DR",3168.00,S,N,B,F,Y,LAS,2,395,-,-,59.460,H,-,S,Y,3,0,3,3,A,-,03,22350,,N,C,C,A,A,H,-,A,A,0,,,,,Y,,D,22,0,1,2,0,0,0,0,0,0,"- ","- ",,,LASSEN,UNINCORPORATED,-120.57090341999999,40.366293689999999
6710640,2014,2016-06-14,9140,2014-10-15,1657,018094,,3,2,9,1800,0,1,2,,2,013,"RT 395","SEARS RD",0.00,,Y,B,-,Y,LAS,2,395,-,-,853.100,I,5,N,Y,4,0,1,2,A,-,09,21802,A,N,D,C,A,A,H,-,A,D,0,,,,,Y,,D,22,0,0,1,0,0,0,0,0,0,"- ","- ",,,LASSEN,UNINCORPORATED,-120.50861995,40.294409950000002
6710727,2014,2016-06-14,9140,2014-10-21,0300,015598,,2,3,9,1800,0,1,3,,2,041,"RT 36","RT 147",2012.00,W,N,A,-,Y,LAS,2,36,-,-,0.398,H,-,E,Y,3,0,1,1,A,-,08,22107,,N,E,I,A,B,H,-,D,D,0,,,,,Y,,A,01,0,1,0,0,0,0,0,0,0,"- ","- ",,,LASSEN,UNINCORPORATED,-121.05405021999999,40.313557809999999
6712476,2014,2016-06-14,9140,2014-11-11,1610,14430,,2,2,9,1800,0,1,2,,2,015,"RT 395","S CONSTANTIA RD",3168.00,S,N,A,-,Y,LAS,2,395,-,R,16.780,H,-,N,Y,4,0,1,1,A,-,08,22107,,N,F,A,A,A,H,-,A,D,0,,,,,Y,,A,01,0,0,1,0,0,0,0,0,0,"- ","- ",39.944049999999997,-120.0248,LASSEN,UNINCORPORATED,-120.02458373,39.943685670000001
6712744,2014,2016-06-14,9140,2014-11-11,0820,016279,,2,1,9,1800,0,1,3,,2,011,"RT 36","FREDONYER SUMMIT",4224.00,W,N,A,-,Y,LAS,2,36,-,-,11.520,H,-,E,Y,4,0,1,1,A,-,03,22350,,N,E,J,A,C,H,-,A,D,0,,,,Y,Y,,F,24,0,0,1,0,0,0,0,0,0,"- ","- ",,,LASSEN,UNINCORPORATED,-120.87132583,40.356292279999998
6712760,2014,2014-12-30,9140,2014-10-29,2500,020458,,3,4,9,1800,0,3,5,,2,030,"EAGLE LAKE RD","SPAULDING RD",0.00,,Y,A,-,N,,,,,,,,,,Y,3,0,1,1,A,-,05,21650,,N,E,I,A,A,H,-,D,A,0,,,,,Y,,D,22,0,1,0,0,0,0,0,0,0,"- ","- ",,,LASSEN,UNINCORPORATED,-120.797838,40.684427999999997
6716348,2014,2015-01-06,9140,2014-10-28,2120,18094,,2,2,9,1800,0,3,5,,2,010,"WINGFIELD RD","ELYSIAN VALLEY RD",3960.00,N,N,B,-,N,,,,,,,,,,Y,3,0,1,1,A,-,01,23152,A,N,E,I,A,A,H,-,D,D,0,,,,,Y,Y,A,01,0,1,0,0,0,0,0,0,0,"- ","- ",,,LASSEN,UNINCORPORATED,-120.56849368,40.334250339999997
6717244,2014,2016-06-14,9140,2014-11-08,2053,20458,,6,2,9,1800,0,1,3,,2,031,"RT 139","EAGLE LAKE RD",21120.00,S,N,A,-,Y,LAS,2,139,-,-,26.830,H,-,N,Y,4,0,1,1,A,-,08,22107,,N,F,A,A,A,H,-,D,D,0,,,,,Y,,A,01,0,0,1,0,0,0,0,0,0,"- ","- ",,,LASSEN,UNINCORPORATED,-120.67034001,40.695557489999999
6717248,2014,2016-06-14,9140,2014-11-06,1015,16002,,4,1,9,1800,0,1,2,,2,021,"RT 395","BYERS PASS RD",3696.00,S,N,A,-,Y,LAS,2,395,-,-,65.960,H,-,S,Y,3,0,1,1,A,-,08,22107,,N,F,A,A,A,H,-,A,D,0,,,,,Y,,A,01,0,1,0,0,0,0,0,0,0,"- ","- ",,,LASSEN,UNINCORPORATED,-120.49934036000001,40.376641849999999
6717252,2014,2015-01-12,9140,2014-11-12,0230,19493,,3,3,9,1800,0,3,5,,2,030,"COUNTY ROAD A 1","ALTA DR",10560.00,N,N,A,-,N,,,,,,,,,,Y,3,0,1,1,A,-,01,23152,A,N,E,I,A,A,H,-,D,D,0,,,,,Y,Y,A,07,0,1,0,0,0,0,0,0,0,"- ","- ",40.456919999999997,-120.7611,LASSEN,UNINCORPORATED,-120.76114744,40.45696306
6718194,2014,2015-03-17,9135,2014-12-04,0806,12142,,4,1,9,1800,0,1,3,,2,651,"RT 299","BIEBER LOOKOUT RD",33950.00,E,N,B,-,Y,LAS,2,299,-,-,21.360,H,-,W,Y,1,1,0,1,A,-,08,22107,,N,F,A,A,C,H,-,B,D,0,,,,,Y,,D,22,0,0,0,0,0,0,0,0,0,"- ","- ",,,LASSEN,UNINCORPORATED,-121.02161753,41.154781489999998
6718394,2015,2016-01-12,9170,2015-01-27,1150,16057,,2,1,9,1800,0,1,2,,1,001,"RT 395","COUNTRY ROAD 513",19008.00,S,N,B,-,Y,LAS,2,395,-,R,111.610,H,-,S,Y,1,1,2,1,A,-,05,21650,,N,F,A,A,A,H,-,A,D,0,,,,,Y,,A,01,1,1,0,0,0,0,0,0,0,"- ","- ",,,LASSEN,UNINCORPORATED,-120.40857975999999,40.828145139999997
6718436,2014,2014-12-08,9140,2014-08-01,1308,11755,,5,1,9,1800,0,3,5,,2,010,"LAVER XING","RT 395",3696.00,E,N,A,-,N,,,,,,,,,,Y,1,1,0,1,A,-,01,23152,F,N,F,A,A,-,A,H,A,D,0,,,,,Y,Y,D,22,0,0,0,0,0,0,0,0,0,"- ","- ",,,LASSEN,UNINCORPORATED,-120.12019067999999,40.062001760000001
6729442,2014,2016-06-14,1801,2014-10-31,1930,830,,5,5,3,1801,0,0,0,,0,,"PARK ST","RT 36",0.00,,Y,B,-,Y,LAS,2,36,-,-,25.278,I,6,W,N,4,0,1,2,A,-,21,22106,,N,G,B,E,B,G,-,C,D,0,Y,,,,Y,,-,,0,0,1,0,1,0,0,0,0,"- ","- ",,,LASSEN,SUSANVILLE,-120.65030899,40.415823009999997
6737614,2014,2016-06-14,1801,2014-11-20,1115,833,1801,4,5,3,1801,0,0,0,,0,,"RT 36","GRAND AV",0.00,,Y,B,C,Y,LAS,2,36,-,-,25.160,I,5,E,Y,4,0,1,2,A,-,09,21801,A,N,D,C,A,B,H,-,A,A,0,,,,,Y,,-,,0,0,1,0,0,0,0,0,0,"- ","- ",,,LASSEN,SUSANVILLE,-120.65237225,40.4163006
6738665,2014,2016-06-15,1801,2014-12-05,0745,833,1801,5,5,3,1801,0,0,0,,0,,"RT 36","ALEXANDER AV",0.00,,Y,B,C,Y,LAS,2,36,-,-,25.230,H,-,E,Y,4,0,1,3,A,-,03,22350,,N,C,C,A,B,H,-,A,A,0,,,,,Y,,-,,0,0,1,0,0,0,0,0,0,"- ","- ",,,LASSEN,SUSANVILLE,-120.65114828999999,40.416018749999999
6752186,2014,2016-06-14,9165,2014-12-24,1925,017447,,3,2,9,1800,0,1,3,,2,071,"RT 395","COUNTRY LN",2112.00,N,N,B,-,Y,LAS,2,395,-,R,2.580,H,-,S,Y,3,0,1,1,A,-,03,22350,,N,F,A,A,C,H,-,D,D,0,,,,,Y,,D,22,0,1,0,0,0,0,0,0,0,"- ","- ",,,LASSEN,UNINCORPORATED,-120.03971144,39.745629919999999
6753626,2014,2016-06-14,9140,2014-11-28,2250,19680,,5,3,9,1800,0,1,3,,2,032,"RT 44","HOG FLATG RESERVOIR",6336.00,W,N,D,-,Y,LAS,2,44,-,-,28.068,H,-,E,Y,3,0,2,2,A,-,03,22350,,N,A,C,A,C,H,-,D,A,0,,,,,Y,,D,22,0,2,0,0,0,0,0,0,0,"- ","- ",40.654890000000002,-121.20144000000001,LASSEN,UNINCORPORATED,-120.9115967,40.450998060000003
6753650,2014,2016-06-14,9140,2014-12-23,1105,16279,,2,1,9,1800,0,1,2,,2,013,"RT 395","SEARS RD",0.00,,Y,A,-,Y,LAS,2,395,-,-,53.100,I,5,N,Y,2,0,2,2,A,-,09,21802,A,N,D,C,A,A,H,-,A,D,0,,,,,Y,,A,01,1,0,1,0,0,0,0,0,0,"- ","- ",,,LASSEN,UNINCORPORATED,-120.50854424000001,40.294440299999998
6753666,2014,2015-01-28,9140,2014-11-19,1445,020458,,3,2,9,1800,0,3,5,,2,030,"COUNTY ROAD A-21","SILVER LAKE RD",528.00,N,N,D,-,N,,,,,,,,,,Y,4,0,1,1,A,-,03,22350,,N,F,A,A,C,H,-,A,D,0,,,,,Y,,D,22,0,0,1,0,0,0,0,0,0,"- ","- ",,,LASSEN,UNINCORPORATED,-121.07516080000001,40.491611589999998
6760214,2014,2016-06-14,9165,2014-12-11,1411,013901,,4,2,9,1800,0,1,3,,2,060,"RT 395","RT 70",1056.00,S,N,B,-,Y,LAS,2,395,-,R,4.471,R,2,S,Y,3,0,1,1,A,-,01,23152,A,N,E,I,A,A,H,-,A,D,0,,,,,Y,Y,A,07,0,1,0,0,0,0,0,0,0,"- ","- ",,,LASSEN,UNINCORPORATED,-120.03902544,39.773001970000003
6764185,2014,2015-02-02,1801,2014-12-12,1315,833,1801,5,5,3,1801,0,0,0,,0,,"ALEXANDER AV","SUNKIST DR",0.00,,Y,B,-,N,,,,,,,,,,N,3,0,1,2,A,-,10,21950,A,F,D,B,B,A,H,-,A,D,0,Y,,,,Y,,-,,0,1,0,0,1,0,0,0,0,"- ","- ",,,LASSEN,SUSANVILLE,-120.65400996,40.41126989
6768156,2014,2016-06-14,1801,2014-11-27,1930,835,,4,5,3,1801,0,0,0,,0,,"RT 139","SPRING RIDGE DR",0.00,N,N,A,-,Y,LAS,2,139,-,-,2.260,H,-,N,Y,4,0,1,1,A,-,03,22350,,N,F,I,A,A,G,-,D,D,0,,,,,Y,,-,,0,0,1,0,0,0,0,0,0,"- ","- ",,,LASSEN,SUSANVILLE,-120.62730358,40.443432229999999
6775680,2014,2016-06-14,9140,2014-12-11,1140,019877,,4,1,9,1800,0,1,3,,2,034,"RT 44","PITTVILLE RD",4752.00,W,N,D,-,Y,LAS,2,44,-,-,7.830,H,-,E,Y,4,0,1,1,A,-,03,22350,,N,F,A,A,C,H,-,A,A,0,,,,,Y,,A,01,0,0,1,0,0,0,0,0,0,"- ","- ",40.651649999999997,-121.1027,LASSEN,UNINCORPORATED,-121.18365590000001,40.651752440000003
6776878,2015,2016-04-13,1801,2015-01-12,1630,831,CITY,1,5,3,1801,0,0,0,,0,,"RIVERSIDE DR","RT 36",300.00,E,N,A,-,N,,,,,,,,,,N,3,0,1,2,A,-,10,21954,B,N,G,B,D,A,H,-,A,D,0,Y,,,,Y,,D,22,0,1,0,0,1,0,0,0,0,"- ","- ",,,LASSEN,SUSANVILLE,-120.63177109,40.406057959999998
6776973,2014,2016-06-14,9140,2014-12-02,1507,017976,,2,2,9,1800,0,1,3,,2,034,"RT 44","BOGARD REST AREA",15840.00,E,N,B,D,Y,LAS,2,44,-,-,17.620,H,-,E,Y,4,0,2,1,A,-,03,22350,,N,F,A,A,C,H,-,A,D,0,,,,,Y,,A,01,0,0,2,0,0,0,0,0,0,"- ","- ",,,LASSEN,UNINCORPORATED,-121.05514854,40.553901760000002
6776974,2014,2015-02-17,9140,2014-12-20,1415,013571,,6,2,9,1800,0,3,5,,2,010,"WENDEL RD","VIEWLAND RD",7920.00,E,N,B,-,N,,,,,,,,,,Y,3,0,2,1,A,-,08,22107,,N,F,A,A,A,H,-,A,D,0,,,,,Y,,A,01,0,1,1,0,0,0,0,0,0,"- ","- ",,,LASSEN,UNINCORPORATED,-120.23860174000001,40.366216700000003
6777068,2014,2016-06-14,9140,2014-11-19,2300,019680,,3,3,9,1800,0,1,3,,2,034,"RT 44","PITTVILLE RD",8976.00,E,N,B,-,Y,LAS,2,44,-,-,6.880,H,-,E,Y,4,0,1,1,A,-,03,22350,,N,E,I,A,B,H,-,D,D,0,,,,,Y,,A,08,0,0,1,0,0,0,0,0,0,"- ","- ",40.654519999999998,-121.20153000000001,LASSEN,UNINCORPORATED,-121.20116609999999,40.654526310000001