CASE_ID,ACCIDENT_YEAR,PROC_DATE,JURIS,COLLISION_DATE,COLLISION_TIME,OFFICER_ID,REPORTING_DISTRICT,DAY_OF_WEEK,CHP_SHIFT,POPULATION,CNTY_CITY_LOC,SPECIAL_COND,BEAT_TYPE,CHP_BEAT_TYPE,CITY_DIVISION_LAPD,CHP_BEAT_CLASS,BEAT_NUMBER,PRIMARY_RD,SECONDARY_RD,DISTANCE,DIRECTION,INTERSECTION,WEATHER_1,WEATHER_2,STATE_HWY_IND,CALTRANS_COUNTY,CALTRANS_DISTRICT,STATE_ROUTE,ROUTE_SUFFIX,POSTMILE_PREFIX,POSTMILE,LOCATION_TYPE,RAMP_INTERSECTION,SIDE_OF_HWY,TOW_AWAY,COLLISION_SEVERITY,NUMBER_KILLED,NUMBER_INJURED,PARTY_COUNT,PRIMARY_COLL_FACTOR,PCF_CODE_OF_VIOL,PCF_VIOL_CATEGORY,PCF_VIOLATION,PCF_VIOL_SUBSECTION,HIT_AND_RUN,TYPE_OF_COLLISION,MVIW,PED_ACTION,ROAD_SURFACE,ROAD_COND_1,ROAD_COND_2,LIGHTING,CONTROL_DEVICE,CHP_ROAD_TYPE,PEDESTRIAN_ACCIDENT,BICYCLE_ACCIDENT,MOTORCYCLE_ACCIDENT,TRUCK_ACCIDENT,NOT_PRIVATE_PROPERTY,ALCOHOL_INVOLVED,STWD_VEHTYPE_AT_FAULT,CHP_VEHTYPE_AT_FAULT,COUNT_SEVERE_INJ,COUNT_VISIBLE_INJ,COUNT_COMPLAINT_PAIN,COUNT_PED_KILLED,COUNT_PED_INJURED,COUNT_BICYCLIST_KILLED,COUNT_BICYCLIST_INJURED,COUNT_MC_KILLED,COUNT_MC_INJURED,PRIMARY_RAMP,SECONDARY_RAMP,LATITUDE,LONGITUDE,COUNTY,CITY,POINT_X,POINT_Y
90222631,2016,2016-07-14,9140,2016-07-13,1705,014430,,3,2,9,1800,0,3,5,,2,010,"COUNTY ROAD A25","HONEY LAKE DR.",4752.00,W,N,A,-,N,,,,,,,,,,Y,4,0,1,1,A,-,08,22107,,N,F,A,A,A,H,-,A,D,0,,,,,Y,,D,22,0,0,1,0,0,0,0,0,0,"- ","- ",40.136859999999999,-120.20747,LASSEN,UNINCORPORATED,-120.20751536,40.136922140000003
90223903,2016,2016-07-15,9140,2016-07-15,0910,014568,,5,1,9,1800,0,1,3,,2,011,SR-36,CR-A1,5280.00,E,N,A,-,Y,,,,,,,,,,N,3,0,3,1,C,-,18,,,N,H,H,A,A,H,-,A,D,0,,,,,Y,,-,"- ",0,3,0,0,0,0,0,0,0,"- ","- ",,,LASSEN,UNINCORPORATED,-120.68502879,40.422396110000001
90227404,2016,2016-07-21,9140,2016-07-15,1400,016322,,5,2,9,1800,0,3,5,,2,010,"FISH AND GAME RD","MAPES ROAD",5280.00,E,N,A,-,N,,,,,,,,,,Y,3,0,1,1,A,-,08,22107,,N,E,I,A,A,H,-,A,D,0,,,,,Y,,D,22,0,1,0,0,0,0,0,0,0,"- ","- ",40.354640000000003,-120.30383,LASSEN,UNINCORPORATED,-120.3054139,40.354170439999997
90227445,2016,2016-07-21,9140,2016-07-10,2203,017976,,7,3,9,1800,0,1,2,,2,013,US-395,"MAIN ST.",200.00,S,N,A,-,Y,,,,,,,,,,N,4,0,1,1,D,-,00,,,N,H,A,A,A,H,-,D,D,0,,,,,Y,,-,"- ",0,0,1,0,0,0,0,0,0,"- ","- ",,,LASSEN,UNINCORPORATED,-120.53767491000001,40.313475760000003
90230528,2016,2016-07-26,9140,2016-07-15,0400,020569,,5,3,9,1800,0,1,3,,2,034,SR-44,"BUTTE LAKE ROAD",1056.00,W,N,A,-,Y,,,,,,,,,,Y,2,0,1,1,A,-,08,22107,,N,F,A,A,A,H,-,D,D,0,,,,,Y,,D,22,1,0,0,0,0,0,0,0,0,"- ","- ",,,LASSEN,UNINCORPORATED,-121.28324636000001,40.646263150000003
90234798,2016,2016-08-01,9140,2016-07-28,2045,020806,,4,2,9,1800,0,1,3,,2,011,"STATE ROUTE 36","RIVER BENCH ROAD",265.00,W,N,A,-,Y,,,,,,,,,,N,3,0,1,1,A,-,03,22350,,N,E,H,A,A,H,-,D,D,0,,,Y,,Y,,C,02,0,1,0,0,0,0,0,0,1,"- ","- ",,,LASSEN,UNINCORPORATED,-120.76956199,40.404560740000001
90238041,2016,2016-08-04,9135,2016-07-29,1759,018213,,5,2,9,1800,0,3,5,,2,007,"LITTLE VALLEY RD","LUMBEE DR",2800.00,N,N,A,-,N,,,,,,,,,,Y,3,0,2,1,A,-,08,22107,,N,E,I,A,A,H,-,A,D,0,,,,,Y,,D,22,0,2,0,0,0,0,0,0,0,"- ","- ",40.915709999999997,-121.21848,LASSEN,UNINCORPORATED,-121.21827635,40.915916369999998
90238776,2016,2016-08-05,9140,2016-07-30,1525,020458,,6,2,3,1801,0,3,5,,2,010,"COUNTY ROAD A1",SR-36,26928.00,E,N,A,-,N,,,,,,,,,,Y,4,0,1,1,A,-,08,22107,,N,E,I,A,A,H,-,A,D,0,,,,,Y,,D,22,0,0,1,0,0,0,0,0,0,"- ","- ",,,LASSEN,SUSANVILLE,-120.7601434,40.460779389999999
90239574,2016,2016-08-08,9140,2016-08-05,0530,019275,,5,3,9,1800,0,1,2,,2,022,US-395,"RAMHORN SPRINGS RD",5280.00,N,N,B,-,Y,,,,,,,,,,Y,3,0,1,1,A,-,08,22107,,N,F,A,A,A,H,-,B,D,0,,,,,Y,,A,01,0,1,0,0,0,0,0,0,0,"- ","- ",,,LASSEN,UNINCORPORATED,,
90243582,2016,2016-08-12,9140,2016-08-06,0405,020806,,6,3,9,1800,0,1,3,,2,031,"STATE ROUTE 139","MERRILLVILLE ROAD",28512.00,N,N,A,-,Y,,,,,,,,,,Y,4,0,1,1,A,-,08,22107,,N,F,A,A,A,H,-,D,D,0,,,,,Y,,A,01,0,0,1,0,0,0,0,0,0,"- ","- ",,,LASSEN,UNINCORPORATED,-120.643334,40.614035999999999
90243625,2016,2016-08-12,9140,2016-08-03,1805,019877,,3,2,9,1800,0,1,2,,2,013,"US 395","SEARS RD.",0.00,,Y,A,-,Y,,,,,,,,,,N,4,0,1,2,D,-,00,,,N,D,C,A,A,H,-,A,A,0,,,,,Y,,-,"- ",0,0,1,0,0,0,0,0,0,"- ","- ",40.313299999999998,-120.51843,LASSEN,UNINCORPORATED,-120.50861995,40.294409950000002
90244062,2016,2016-08-12,9140,2016-08-09,1415,019275,,2,2,9,1800,0,1,2,,2,014,"US 395","MILFORD GRADE",4224.00,S,N,A,-,Y,,,,,,,,,,Y,4,0,1,2,A,-,03,22350,,N,C,C,A,A,D,-,A,A,0,,,,,Y,,A,01,0,0,1,0,0,0,0,0,0,"- ","- ",,,LASSEN,UNINCORPORATED,-120.35490965,40.166784059999998
90245610,2016,2016-08-16,9140,2016-08-12,1615,019275,,5,2,9,1800,0,3,5,,2,030,"COUNTY ROAD A1 (EAGLE LAKE ROAD)","LAKESIDE DRIVE",5280.00,S,N,A,-,N,,,,,,,,,,Y,3,0,1,1,A,-,01,23152,A,N,E,I,A,A,H,-,A,D,0,,,,,Y,Y,D,22,0,1,0,0,0,0,0,0,0,"- ","- ",40.7029,-120.75688,LASSEN,UNINCORPORATED,-120.75676559999999,40.702905970000003
90248473,2016,2016-08-19,9140,2016-08-13,1105,014568,,6,1,9,1800,0,1,3,,2,032,SR-44,CR-101,0.00,,Y,A,-,Y,,,44,,,,,,,Y,3,0,2,2,A,-,05,21752,D,N,C,C,A,A,H,-,A,A,0,,,,,Y,,A,01,0,2,0,0,0,0,0,0,0,"- ","- ",40.46322,-120.92645,LASSEN,UNINCORPORATED,-120.92624871,40.463424459999999
90248964,2016,2016-08-22,9140,2016-08-12,2015,013571,,5,2,9,1800,0,1,2,,2,022,"US 395","KARLO RD.",17952.00,N,N,A,-,Y,,,,,,,,,,Y,4,0,1,1,C,-,18,,,N,H,H,A,A,H,-,B,D,0,,,,,Y,,-,"- ",0,0,1,0,0,0,0,0,0,"- ","- ",,,LASSEN,UNINCORPORATED,-120.25120674,40.632187100000003
90250263,2016,2016-08-23,9165,2016-08-01,1804,019781,,1,2,9,1800,0,1,3,,2,063,"U.S. 395","RED ROCK RD",8448.00,S,N,A,-,Y,,,,,,,,,,Y,1,1,2,3,A,-,05,21460,A,N,A,C,A,A,H,-,A,D,0,,,,Y,Y,,A,01,0,2,0,0,0,0,0,0,0,"- ","- ",39.88832,-120.02012000000001,LASSEN,UNINCORPORATED,-120.02072674,39.887474169999997
90253220,2016,2016-08-26,9140,2016-08-13,2110,013571,,6,2,9,1800,0,1,2,,2,022,"US 395","BLM RD. 26000 (RAMHORN SPRINGS)",13728.00,S,N,A,-,Y,,,,,,,,,,Y,2,0,1,1,A,-,01,23152,A,N,E,I,A,A,H,-,D,D,0,,,,,Y,Y,A,01,1,0,0,0,0,0,0,0,0,"- ","- ",,,LASSEN,UNINCORPORATED,,
90255100,2016,2016-08-29,9140,2016-07-30,1545,013571,,6,2,9,1800,0,1,3,,2,031,"STATE ROUTE 139 (SR-139)","CO. RD. A-1",23760.00,S,N,A,-,Y,,,,,,,,,,Y,2,0,3,1,A,-,08,22107,,N,F,A,A,A,D,H,A,D,0,,,,,Y,,A,07,1,2,0,0,0,0,0,0,0,"- ","- ",,,LASSEN,UNINCORPORATED,,
90255789,2016,2016-08-29,9135,2016-08-21,1330,012142,9135,7,1,9,1800,0,1,3,,2,652,"STATE ROUTE 139","HAYDEN HILL RD",5280.00,N,N,A,-,Y,,,,,,,,,,Y,4,0,2,1,A,-,08,22107,,N,F,I,A,A,H,-,A,D,0,,,,,Y,,A,01,0,0,2,0,0,0,0,0,0,"- ","- ",,,LASSEN,UNINCORPORATED,-120.85532359,41.034262630000001
90255803,2016,2016-08-29,9135,2016-08-25,0630,012421,,4,1,9,1800,0,3,5,,2,007,"SUSANVILLE ROAD",SR-139,5280.00,W,N,A,-,Y,,,,,,,,,,N,4,0,1,1,C,-,18,,,N,H,H,A,A,H,-,B,D,0,,,,,Y,,-,"- ",0,0,1,0,0,0,0,0,0,"- ","- ",,,LASSEN,UNINCORPORATED,,
90261089,2016,2016-09-05,9165,2016-09-04,0624,013901,,7,1,9,1800,0,1,3,,2,060,SR-70,US-395,5808.00,W,N,A,-,Y,,,70,,,,,,,Y,3,0,1,1,A,-,08,22107,,N,E,I,A,A,H,-,B,D,0,,,,,Y,,D,22,0,1,0,0,0,0,0,0,0,"- ","- ",39.780929999999998,-120.05974000000001,LASSEN,UNINCORPORATED,-120.05974917,39.780896220000002
90261701,2016,2016-09-06,9140,2016-08-30,0524,015131,,2,3,9,1800,0,1,2,,2,015,US-395,"RED ROCK RD",6864.00,N,N,A,-,Y,,,395,,,,,,,N,4,0,1,1,A,-,08,22107,,N,E,I,A,A,H,-,D,D,0,,,,,Y,,A,01,0,0,1,0,0,0,0,0,0,"- ","- ",39.926020000000001,-120.02016999999999,LASSEN,UNINCORPORATED,-120.02000959,39.926036529999998
90263017,2016,2016-09-07,9140,2016-08-31,1250,019877,,3,1,9,1800,0,1,3,,2,034,SR-44,"BUTTE LAKE CAMPGROUNDS",528.00,W,N,A,-,Y,,,44,,,,,,,Y,4,0,1,1,A,-,08,22107,,N,E,I,A,A,H,-,A,D,0,,,,Y,Y,,G,25,0,0,1,0,0,0,0,0,0,"- ","- ",40.65437,-121.31936,LASSEN,UNINCORPORATED,-121.3193831,40.654287019999998
90264662,2016,2016-09-09,9140,2016-09-01,0905,017976,,4,1,9,1800,0,1,2,,2,014,US-395,"COUNTY ROAD A25",2.84,N,N,A,-,Y,,,,,,,,,,Y,4,0,3,2,A,-,03,22350,,N,C,C,A,A,D,-,A,A,0,,,,,Y,,D,22,0,0,3,0,0,0,0,0,0,"- ","- ",,,LASSEN,UNINCORPORATED,,
90265625,2016,2016-09-12,9140,2016-08-24,1615,016169,,3,2,9,1800,0,1,2,,2,014,US-395,"DEER TRAIL",1320.00,S,N,A,-,Y,,,,,,,,,,N,3,0,1,1,A,-,15,26454,B,N,F,A,A,A,D,-,A,D,0,,,Y,,Y,,C,02,0,1,0,0,0,0,0,0,1,"- ","- ",,,LASSEN,UNINCORPORATED,-120.40161913,40.193234140000001
90266616,2016,2016-09-13,9140,2016-09-07,1405,014430,,3,2,9,1800,0,1,3,,2,032,"STATE ROUTE 44","GOUMAZ RD.",1584.00,W,N,A,-,Y,,,44,,,,,,,Y,4,0,2,1,A,-,08,22107,,N,F,A,A,A,H,-,A,D,0,,,,,Y,,A,08,0,0,2,0,0,0,0,0,0,"- ","- ",40.444870000000002,-120.87875,LASSEN,UNINCORPORATED,-120.8787292,40.444968930000002
90269105,2016,2016-09-16,9140,2016-09-13,1145,015598,,2,1,9,1800,0,1,3,,2,011,"STATE ROUTE 36","WILLARD HILL RD.",22176.00,W,N,A,-,Y,,,,,,,,,,N,4,0,1,2,A,-,03,22350,,N,C,C,A,A,H,-,A,D,0,,,,,Y,,A,01,0,0,1,0,0,0,0,0,0,"- ","- ",,,LASSEN,UNINCORPORATED,,
90270290,2016,2016-09-19,9140,2016-09-07,2225,017976,,3,3,9,1800,0,3,5,,2,010,"GOLD RUN ROAD","AMESBURY DRIVE",5280.00,W,N,A,-,N,,,,,,,,,,Y,3,0,1,1,A,-,01,23152,A,N,E,I,A,A,H,-,D,D,0,,,,,Y,Y,A,01,0,1,0,0,0,0,0,0,0,"- ","- ",,,LASSEN,UNINCORPORATED,-120.69524466999999,40.36149666
90270516,2016,2016-09-19,9140,2016-09-11,2145,016732,,7,2,9,1800,0,1,3,,2,041,SR-36,"WESTWOOD CEMETERY",1056.00,E,N,A,-,Y,,,,,,,,,,Y,3,0,1,1,A,-,01,23152,A,N,E,I,A,A,H,-,D,D,0,,,,,Y,Y,D,22,0,1,0,0,0,0,0,0,0,"- ","- ",,,LASSEN,UNINCORPORATED,,
90271308,2016,2016-09-20,9140,2016-09-11,1558,018094,,7,2,9,1800,0,1,3,,2,011,SR-36,SR-44,0.00,,Y,A,G,Y,,,,,,,,,,Y,2,0,2,2,A,-,09,21802,A,N,D,C,A,A,H,-,A,A,0,,,,,Y,,A,01,1,1,0,0,0,0,0,0,0,"- ","- ",,,LASSEN,UNINCORPORATED,-120.75538994999999,40.411189899999997
90275884,2016,2016-09-26,9135,2016-09-18,2130,019030,,7,2,9,1800,0,3,5,,2,007,"BIEBER LOOKOUT RD","COUNTY ROAD 87",10560.00,S,N,A,-,Y,,,,,,,,,,Y,3,0,1,1,A,-,01,23152,A,N,E,A,A,A,H,-,D,D,0,,,,,Y,Y,A,01,0,1,0,0,0,0,0,0,0,"- ","- ",41.181829999999998,-121.13876,LASSEN,UNINCORPORATED,,
90279618,2016,2016-09-29,9140,2016-09-20,0548,016169,,2,3,9,1800,0,1,2,,2,015,"US 395","HALL ROAD",2904.00,N,N,A,-,Y,,,,,,,,,,Y,4,0,1,1,A,-,08,22107,,N,E,I,A,A,H,-,A,D,0,,,,,Y,,A,01,0,0,1,0,0,0,0,0,0,"- ","- ",,,LASSEN,UNINCORPORATED,-120.09102181999999,40.008394469999999
90285637,2016,2016-10-06,9140,2016-09-25,0640,016169,,7,1,9,1800,0,1,2,,2,013,"US 395","JANESVILLE GRADE",280.00,N,N,A,-,Y,,,,,,,,,,Y,2,0,1,1,C,-,18,,,N,H,H,A,A,H,-,B,D,0,,,Y,,Y,,-,"- ",1,0,0,0,0,0,0,0,1,"- ","- ",40.291260000000001,-120.5027,LASSEN,UNINCORPORATED,,
90287089,2016,2016-10-10,9140,2016-10-01,1015,020806,,6,1,9,1800,0,3,5,,2,010,"SUMMERS ROAD","HACKSTAFF ROAD",2112.00,E,N,A,-,N,,,,,,,,,,Y,2,0,1,1,A,-,01,23152,E,N,F,A,A,A,H,-,A,D,0,,,,,Y,,A,07,1,0,0,0,0,0,0,0,0,"- ","- ",40.06194,-120.06571,LASSEN,UNINCORPORATED,-120.11274815,40.113244719999997
90290622,2016,2016-10-12,9140,2016-08-13,2110,020569,,6,2,9,1800,0,1,2,,2,014,US-395,"MILFORD GRADE ROAD",12144.00,N,N,A,-,Y,,,395,,,,,,,Y,1,1,0,1,C,-,18,,,N,H,H,A,A,H,-,D,D,0,,,,,Y,,-,"- ",0,0,0,0,0,0,0,0,0,"- ","- ",40.185130000000001,-120.39255,LASSEN,UNINCORPORATED,-120.39257834999999,40.185097399999997
90290761,2016,2016-10-13,9140,2016-10-02,1645,017976,,7,2,9,1800,0,1,3,,2,034,SR-44,"SHASTA CO LINE",1584.00,E,N,B,D,Y,,,,,,,,,,Y,3,0,1,1,A,-,03,22350,,N,E,I,A,C,H,-,A,D,0,,,,,Y,,A,07,0,1,0,0,0,0,0,0,0,"- ","- ",,,LASSEN,UNINCORPORATED,,
90301092,2016,2016-10-25,9135,2016-10-13,1715,012142,9135,4,2,9,1800,0,1,3,,2,652,"STATE ROUTE 139","SUSANVILLE RD",26400.00,S,N,A,-,Y,,,,,,,,,,Y,3,0,3,1,C,-,18,,,N,E,H,A,A,H,-,B,D,0,,,,,Y,,-,"- ",0,1,2,0,0,0,0,0,0,"- ","- ",,,LASSEN,UNINCORPORATED,,
90304491,2016,2016-10-28,9140,2016-10-08,1627,019931,,6,2,9,1800,0,1,2,,2,021,"US 395","LEAVITT LN.",1584.00,N,N,A,-,Y,,,,,,,,,,Y,4,0,1,1,A,-,08,22107,,M,E,I,A,A,H,-,A,D,0,,,,,Y,,A,01,0,0,1,0,0,0,0,0,0,"- ","- ",,,LASSEN,UNINCORPORATED,-120.52164,40.375920000000001
90304492,2016,2016-10-28,9140,2016-10-13,0420,016279,,4,3,9,1800,0,1,2,,2,021,"US 395","BYERS PASS RD",1584.00,S,N,B,-,Y,,,,,,,,,,Y,2,0,1,1,A,-,08,22107,,N,E,I,A,A,H,-,D,D,0,,,,,Y,,D,22,1,0,0,0,0,0,0,0,0,"- ","- ",,,LASSEN,UNINCORPORATED,-120.48820000000001,40.37556
90309668,2016,2016-11-02,9140,2016-08-14,0950,016169,,7,1,9,1800,0,1,3,,2,042,SR-147,"LATTER DAY SAINTS CHURCH ROAD",1584.00,W,N,A,-,Y,,,,,,,,,,Y,3,0,2,2,A,-,05,21460,A,N,A,C,A,A,H,-,A,D,0,,,,,Y,,A,01,0,1,1,0,0,0,0,0,0,"- ","- ",,,LASSEN,UNINCORPORATED,,
90313376,2016,2016-11-07,9135,2016-11-02,1700,013553,,3,2,9,1800,0,1,3,,2,651,SR-299,"DAY ROAD",6600.00,E,N,A,-,Y,,,,,,,,,,Y,4,0,1,1,A,-,08,22107,,N,E,I,A,A,H,-,A,D,0,,,,,Y,,A,07,0,0,1,0,0,0,0,0,0,"- ","- ",,,LASSEN,UNINCORPORATED,-121.29598674,41.098747299999999
90314038,2016,2016-11-08,9140,2016-10-23,0615,020502,,7,1,9,1800,0,1,2,,2,013,US-395,"SUNNYSIDE ROAD",1584.00,S,N,A,-,Y,,,395,,,,,,,Y,4,0,1,1,A,-,01,23152,A,N,E,I,A,A,H,-,D,D,0,,,,,Y,Y,D,22,0,0,1,0,0,0,0,0,0,"- ","- ",40.323839999999997,-120.54454,LASSEN,UNINCORPORATED,-120.54462737999999,40.323834480000002
90321679,2016,2016-11-17,9140,2016-11-03,1930,013571,,4,2,9,1800,0,1,2,,2,021,"US 395","MAPES LN.",16.00,N,N,A,-,Y,,,,,,,,,,Y,3,0,3,2,A,-,08,22107,,F,D,C,A,A,H,-,D,D,0,,,,,Y,Y,A,07,0,1,2,0,0,0,0,0,0,"- ","- ",,,LASSEN,UNINCORPORATED,-120.32758,40.377079999999999
90321715,2016,2016-11-17,9140,2016-11-08,1824,016169,,2,2,9,1800,0,1,2,,2,013,"US 395","MAIN ST JANESVILLE",300.00,S,N,A,-,Y,,,,,,,,,,Y,3,0,1,1,A,-,08,22107,,N,F,A,A,A,H,-,D,D,0,,,,,Y,,D,22,0,1,0,0,0,0,0,0,0,"- ","- ",,,LASSEN,UNINCORPORATED,,
90321764,2016,2016-11-17,9140,2016-11-12,0630,014568,,6,1,9,1800,0,3,5,,2,030,CR-A1,"GALLATIN RD.",10560.00,S,N,B,-,N,,,,,,,,,,Y,3,0,1,1,A,-,08,22107,,N,E,I,A,A,H,-,B,D,0,,,,,Y,,A,07,0,1,0,0,0,0,0,0,0,"- ","- ",,,LASSEN,UNINCORPORATED,-120.777542,40.522604979999997
90325859,2016,2016-11-21,9140,2016-11-07,1659,016169,,1,2,9,1800,0,1,2,,2,013,"US 395","JANESVILLE GRADE",1320.00,N,N,A,-,Y,,,,,,,,,,Y,4,0,1,1,C,-,18,,,N,H,H,A,A,H,-,B,D,0,,,,,Y,,-,"- ",0,0,1,0,0,0,0,0,0,"- ","- ",,,LASSEN,UNINCORPORATED,,
90329282,2016,2017-02-24,9140,2016-11-23,1145,020047,,3,1,9,1800,0,1,3,,2,032,"STATE ROUTE 44","FEATHER LAKE RXR",1584.00,E,N,B,D,Y,,,,,,,,,,Y,4,0,2,1,A,-,03,22350,,N,F,A,A,C,H,-,A,D,0,,,,,Y,,D,22,0,0,2,0,0,0,0,0,0,"- ","- ",,,LASSEN,UNINCORPORATED,,
90331299,2016,2016-11-28,9165,2016-10-23,1510,020692,,7,2,9,1800,0,1,3,,2,062,"US-395 N/B",SR-70,7920.00,S,N,B,-,Y,,,395,,,,,,N,Y,1,1,0,1,A,-,01,23152,A,N,F,A,A,A,H,-,A,D,0,,,,,Y,Y,D,22,0,0,0,0,0,0,0,0,0,"- ","- ",39.753010000000003,-120.03896,LASSEN,UNINCORPORATED,-120.03890009,39.753010000000003
90332669,2016,2016-11-29,9135,2016-11-28,0900,012421,,1,1,9,1800,0,1,3,,2,652,SR-139,"HAYDEN HILL RD",26400.00,S,N,D,-,Y,,,,,,,,,,N,4,0,1,1,A,-,03,22350,,N,F,A,A,C,H,-,A,D,0,,,,,Y,,A,07,0,0,1,0,0,0,0,0,0,"- ","- ",,,LASSEN,UNINCORPORATED,-120.78453528999999,40.978603790000001
90333763,2016,2016-11-30,9135,2016-11-28,0901,013553,,1,1,9,1800,0,1,3,,2,652,SR-139,"USFS ROAD 38N04",1056.00,S,N,B,D,Y,,,,,,,,,,Y,4,0,3,1,A,-,08,22107,,N,F,A,A,C,H,-,A,D,0,,,,,Y,,A,01,0,0,3,0,0,0,0,0,0,"- ","- ",,,LASSEN,UNINCORPORATED,,
90333822,2016,2016-11-30,9140,2016-11-21,0630,016279,,1,1,9,1800,0,1,2,,2,013,"US 395","JOHNSTONVILLE DUMP RD",654.00,N,N,B,-,Y,,,,,,,,,,Y,4,0,1,1,C,-,18,,,N,H,H,A,B,H,-,B,D,0,,,,,Y,,-,"- ",0,0,1,0,0,0,0,0,0,"- ","- ",,,LASSEN,UNINCORPORATED,-120.55877246999999,40.351992119999998
90333892,2016,2016-11-30,9140,2016-11-21,1050,020502,,1,1,9,1800,0,1,2,,2,015,US-395,"COUNTY ROAD A-26",0.00,,Y,B,-,Y,,,395,,,,,,,Y,4,0,2,2,A,-,09,21802,A,N,D,C,A,A,H,-,A,A,0,,,,Y,Y,,A,01,0,0,2,0,0,0,0,0,0,"- ","- ",40.09122,-120.17192,LASSEN,UNINCORPORATED,-120.17206329,40.090894329999998
90333974,2016,2016-11-30,9140,2016-11-23,0525,016279,,3,3,9,1800,0,1,2,,2,013,"US 395","DIANE DR",2112.00,N,N,A,-,Y,,,,,,,,,,Y,4,0,1,1,C,-,18,,,N,H,H,A,C,H,-,B,D,0,,,,,Y,,-,"- ",0,0,1,0,0,0,0,0,0,"- ","- ",,,LASSEN,UNINCORPORATED,-120.58640631,40.378249660000002
90336048,2016,2016-12-05,9140,2016-11-19,1900,013571,,6,2,9,1800,0,1,3,,2,034,"STATE ROUTE 44","BUTTE LAKE RD.",6864.00,W,N,B,D,Y,,,,,,,,,,Y,3,0,2,1,A,-,03,22350,,N,F,A,A,C,H,-,D,A,0,,,,,Y,,D,22,0,1,1,0,0,0,0,0,0,"- ","- ",,,LASSEN,UNINCORPORATED,-121.30350008000001,40.649825589999999
90341365,2016,2016-12-09,9140,2016-10-11,1902,017976,,2,2,9,1800,0,3,5,,2,020,"COUNTY ROAD A-27 (JOHNSTONVILLE ROAD)","BIG SKY BLVD",605.00,W,N,A,-,N,,,,,,,,,,N,1,1,0,2,A,-,11,21954,A,F,G,B,D,A,H,-,C,D,0,Y,,,,Y,Y,N,60,0,0,0,1,0,0,0,0,0,"- ","- ",40.39922,-120.61498,LASSEN,UNINCORPORATED,-120.61501265,40.399124270000002
90341672,2016,2016-12-12,9140,2016-12-03,1034,020569,,6,1,9,1800,0,1,2,,2,013,US-395,"STATE ROUTE 36",2112.00,S,N,A,-,Y,,,395,,,,,,,Y,3,0,1,1,A,-,08,22107,,N,F,I,A,A,H,-,A,D,0,,,,,Y,,A,01,0,1,0,0,0,0,0,0,0,"- ","- ",40.378540000000001,-120.58665999999999,LASSEN,UNINCORPORATED,-120.58672893000001,40.378381789999999
90345956,2016,2016-12-15,9135,2016-12-13,0230,013553,,2,3,9,1800,0,1,3,,2,651,SR-299,"OLD HIGHWAY ROAD",14256.00,E,N,A,-,Y,,,,,,,,,,Y,4,0,1,1,A,-,08,22107,,N,E,I,A,A,H,-,D,D,0,,,,,Y,,A,07,0,0,1,0,0,0,0,0,0,"- ","- ",,,LASSEN,UNINCORPORATED,-121.24570754,41.068936440000002
90349502,2016,2016-12-20,9140,2016-12-18,1705,016169,,7,2,9,1800,0,1,2,,2,013,US-395,"SEARS ROAD",640.00,N,N,A,-,Y,,,,,,,,,,Y,4,0,1,1,A,-,08,22107,,N,E,I,A,A,H,-,D,D,0,,,,,Y,,D,22,0,0,1,0,0,0,0,0,0,"- ","- ",,,LASSEN,UNINCORPORATED,-120.51046160999999,40.29545727
90349679,2016,2016-12-20,9140,2016-12-10,0423,020458,,6,3,9,1800,0,1,2,,2,015,"US 395","COWBOY JOE RD.",510.00,S,N,B,C,Y,,,,,,,,,,Y,4,0,1,1,A,-,03,22350,,N,F,A,A,B,H,-,D,D,0,,,,,Y,,D,22,0,0,1,0,0,0,0,0,0,"- ","- ",,,LASSEN,UNINCORPORATED,,
90350697,2016,2016-12-21,9140,2016-12-21,0700,014568,,3,1,9,1800,0,1,3,,2,034,SR-44,"BUTTE LAKE RD.",2112.00,W,N,A,-,Y,,,,,,,,,,Y,4,0,1,1,A,-,03,22350,,N,F,A,A,C,H,-,D,D,0,,,,,Y,,D,22,0,0,1,0,0,0,0,0,0,"- ","- ",,,LASSEN,UNINCORPORATED,-121.28703202,40.646561599999998
90355433,2016,2016-12-27,9135,2016-12-21,0545,019030,,3,3,9,1800,0,1,3,,2,651,"SR-299 E/B","BEAR SPRINGS RD",3960.00,W,N,A,-,Y,,,,,,,,,,Y,4,0,1,1,A,-,03,22350,,N,F,I,A,C,H,-,B,D,0,,,,,Y,,D,22,0,0,1,0,0,0,0,0,0,"- ","- ",40.069290000000002,-121.24769000000001,LASSEN,UNINCORPORATED,-121.24707644999999,41.069160789999998
90358541,2016,2016-12-30,9140,2016-12-10,1410,016732,,6,2,9,1800,0,1,3,,2,041,SR-36,"WESTWOOD CEMETERY",264.00,W,N,B,C,Y,,,,,,,,,,Y,1,1,1,1,A,-,08,22107,,N,E,I,A,B,H,-,A,D,0,,,,,Y,,D,22,0,1,0,0,0,0,0,0,0,"- ","- ",,,LASSEN,UNINCORPORATED,,
90361011,2016,2017-01-04,9140,2016-12-20,2203,017976,,2,3,9,1800,0,3,5,,2,020,"JOHNSTONVILLE ROAD","TRAVIS LN",260.00,S,N,B,-,N,,,,,,,,,,Y,3,0,1,1,A,-,03,22350,,N,H,A,A,C,H,-,C,D,0,,,,,Y,,A,07,0,1,0,0,0,0,0,0,0,"- ","- ",,,LASSEN,UNINCORPORATED,-120.58760658,40.38903895
90361642,2016,2017-02-13,9140,2016-12-24,1745,013571,,6,2,9,1800,0,3,5,,2,020,"JOHNSTONVILLE RD.","BIG SKY BLVD.",4752.00,E,N,B,-,N,,,,,,,,,,Y,4,0,1,1,A,-,08,22107,,N,E,I,A,A,H,-,D,D,0,,,,,Y,,A,01,0,0,1,0,0,0,0,0,0,"- ","- ",,,LASSEN,UNINCORPORATED,-120.59650541000001,40.394736880000004
90362502,2017,2017-01-05,9140,2017-01-01,1843,017976,,7,2,9,1800,0,1,2,,2,013,US-395,"LAKECREST ROAD",1782.00,S,N,B,D,Y,,,,,,,,,,Y,4,0,1,2,A,-,03,22350,,N,A,C,A,C,H,-,D,D,0,,,,,Y,,D,22,0,0,1,0,0,0,0,0,0,"- ","- ",,,LASSEN,UNINCORPORATED,-120.49627953,40.287628669999997