CASE_ID,ACCIDENT_YEAR,PROC_DATE,JURIS,COLLISION_DATE,COLLISION_TIME,OFFICER_ID,REPORTING_DISTRICT,DAY_OF_WEEK,CHP_SHIFT,POPULATION,CNTY_CITY_LOC,SPECIAL_COND,BEAT_TYPE,CHP_BEAT_TYPE,CITY_DIVISION_LAPD,CHP_BEAT_CLASS,BEAT_NUMBER,PRIMARY_RD,SECONDARY_RD,DISTANCE,DIRECTION,INTERSECTION,WEATHER_1,WEATHER_2,STATE_HWY_IND,CALTRANS_COUNTY,CALTRANS_DISTRICT,STATE_ROUTE,ROUTE_SUFFIX,POSTMILE_PREFIX,POSTMILE,LOCATION_TYPE,RAMP_INTERSECTION,SIDE_OF_HWY,TOW_AWAY,COLLISION_SEVERITY,NUMBER_KILLED,NUMBER_INJURED,PARTY_COUNT,PRIMARY_COLL_FACTOR,PCF_CODE_OF_VIOL,PCF_VIOL_CATEGORY,PCF_VIOLATION,PCF_VIOL_SUBSECTION,HIT_AND_RUN,TYPE_OF_COLLISION,MVIW,PED_ACTION,ROAD_SURFACE,ROAD_COND_1,ROAD_COND_2,LIGHTING,CONTROL_DEVICE,CHP_ROAD_TYPE,PEDESTRIAN_ACCIDENT,BICYCLE_ACCIDENT,MOTORCYCLE_ACCIDENT,TRUCK_ACCIDENT,NOT_PRIVATE_PROPERTY,ALCOHOL_INVOLVED,STWD_VEHTYPE_AT_FAULT,CHP_VEHTYPE_AT_FAULT,COUNT_SEVERE_INJ,COUNT_VISIBLE_INJ,COUNT_COMPLAINT_PAIN,COUNT_PED_KILLED,COUNT_PED_INJURED,COUNT_BICYCLIST_KILLED,COUNT_BICYCLIST_INJURED,COUNT_MC_KILLED,COUNT_MC_INJURED,PRIMARY_RAMP,SECONDARY_RAMP,LATITUDE,LONGITUDE,COUNTY,CITY,POINT_X,POINT_Y
91505658,2021,2021-06-24,9140,2021-06-20,1310,018094,,7,1,9,1800,0,1,2,,2,015,US-395,"OLIVE LANE",2112.00,S,N,A,-,Y,,,,,,,,,,Y,4,0,1,2,A,-,08,22107,,N,B,C,A,A,H,-,A,D,0,,,,,Y,,D,22,0,0,1,0,0,0,0,0,0,"- ","- ",40.062728881835938,-120.12326049804688,LASSEN,UNINCORPORATED,-120.21623992919922,40.110622406005859
91505671,2021,2021-06-24,9140,2021-06-22,2110,020519,,2,2,9,1800,0,1,2,,2,013,"US 395 S/B","JETERS ROAD",500.00,S,N,A,-,Y,,,,,,,,,,Y,3,0,2,1,C,-,18,,,N,H,H,A,A,H,-,D,D,0,,,,,Y,,-,"- ",0,2,0,0,0,0,0,0,0,"- ","- ",40.269439697265625,-120.47752380371094,LASSEN,UNINCORPORATED,-120.47755432128906,40.269447326660156
91506043,2021,2021-06-24,9140,2021-06-22,1100,020047,,2,1,9,1800,0,1,2,,2,014,US-395,"OLD HIGHWAY MILFORD",3168.00,N,N,A,-,Y,,,395,,,,,,,Y,4,0,1,1,A,-,03,22350,,N,F,A,A,A,H,-,A,D,0,,,,,Y,,E,22,0,0,1,0,0,0,0,0,0,"- ","- ",40.161640167236328,-120.33647155761719,LASSEN,UNINCORPORATED,-120.33648681640625,40.161582946777344
91507817,2021,2021-06-28,9140,2021-06-21,1434,021683,,1,2,9,1800,0,1,3,,2,041,"STATE ROUTE 36","COUNTY ROAD A21",1584.00,E,N,A,-,Y,,,36,,,,,,,Y,3,0,1,1,A,-,08,22107,,N,E,I,A,A,H,-,A,D,0,,,,,Y,,A,01,0,1,0,0,0,0,0,0,0,"- ","- ",40.315540313720703,-120.9876708984375,LASSEN,UNINCORPORATED,-120.98766326904297,40.315452575683594
91508179,2021,2021-06-28,9140,2021-06-18,1125,020502,,5,1,9,1800,0,1,2,,2,015,"US 395","US 395 AT N. CONSTANTIA ROAD",0.00,,Y,A,-,Y,,,,,,,,,,Y,4,0,5,2,A,-,09,21802,A,N,D,C,A,A,H,-,A,A,0,,,,,Y,,A,07,0,0,5,0,0,0,0,0,0,"- ","- ",40.013889312744141,-120.10028839111328,LASSEN,UNINCORPORATED,-120.10047912597656,40.013721466064453
91508984,2021,2021-06-29,9140,2021-06-22,0559,020502,,2,3,9,1800,0,1,3,,2,052,"STATE ROUTE 147","OLD HAUN ROAD",2640.00,S,N,A,-,Y,,,,,,,,,,Y,3,0,1,1,A,-,03,22350,,N,E,I,A,A,H,-,A,D,0,,,,,Y,,A,01,0,1,0,0,0,0,0,0,0,"- ","- ",40.191989898681641,-120.07508087158203,LASSEN,UNINCORPORATED,-121.07489776611328,40.192337036132812
91511082,2021,2021-07-01,9140,2021-06-20,0910,019275,,7,1,9,1800,0,1,3,,2,011,SR-36,"COUNTY ROAD A-1",0.00,,Y,A,-,N,,,36,,,,,,,Y,3,0,1,2,A,-,01,23152,A,N,B,C,A,A,H,-,A,A,0,,,,Y,Y,Y,D,22,0,1,0,0,0,0,0,0,0,"- ","- ",40.419998168945312,-120.70313262939453,LASSEN,UNINCORPORATED,-120.70317077636719,40.420085906982422
91512755,2021,2021-07-05,9140,2021-06-27,0647,018094,,7,1,3,1801,0,1,2,,2,021,US-395,"JOHNSTONVILLE ROAD",13.00,S,N,A,-,Y,,,,,,,,,,Y,4,0,1,1,A,-,08,22107,,N,E,8,A,A,H,-,A,D,0,,,,,Y,,A,01,0,0,1,0,0,0,0,0,0,"- ","- ",40.230289459228516,-120.35137176513672,LASSEN,SUSANVILLE,-120.58696746826172,40.383945465087891
91512756,2021,2021-07-05,9140,2021-06-21,1849,016169,,1,2,3,1801,0,3,5,,2,020,"CENTER ROAD (LASSEN COUNTY ROAD A-27)","CUTTOFF ROAD (LASSEN COUNTY ROAD 315)",287.00,E,N,A,-,N,,,,,,,,,,Y,2,0,3,1,A,-,03,22350,,N,F,A,A,A,H,-,A,D,0,,,,,Y,,A,07,2,1,0,0,0,0,0,0,0,"- ","- ",40.231410980224609,-120.23545074462891,LASSEN,SUSANVILLE,-120.398448,40.387230000000002
91513671,2021,2021-07-06,9140,2021-06-25,1523,021238,,5,2,9,1800,0,1,3,,2,041,"STATE ROUTE 36","FOREST SERVICE ROAD 29N05",8712.00,W,N,B,-,Y,,,,,,,,,,Y,3,0,1,2,A,-,08,22107,,N,E,9,A,A,H,-,A,D,0,,,,,Y,,A,07,0,1,0,0,0,0,0,0,0,"- ","- ",40.328151702880859,-121.93289947509766,LASSEN,UNINCORPORATED,,
91513964,2021,2021-07-06,9140,2021-06-29,1915,016169,,2,2,9,1800,0,1,3,,2,012,SR-36,US-395,5280.00,W,N,A,-,Y,,,,,,,,,,N,3,0,1,1,A,-,05,21650,,N,F,A,A,A,H,-,A,D,0,,,,,Y,,A,01,0,1,0,0,0,0,0,0,0,"- ","- ",40.231708526611328,-120.36321258544922,LASSEN,UNINCORPORATED,-120.60838317871094,40.387622833251953
91517988,2021,2021-07-12,9140,2021-07-04,2230,020519,,7,3,9,1800,0,1,A,,2,730,"US 395 NORTHBOUND","CHURCH STREET",2376.00,N,N,A,-,Y,,,,,,,,,,Y,2,0,2,1,A,-,08,22107,,N,E,I,A,A,H,-,D,D,0,,,,,Y,,D,22,2,0,0,0,0,0,0,0,0,"- ","- ",,,LASSEN,UNINCORPORATED,-120.42032623291016,40.365230560302734
91518223,2021,2021-07-12,9140,2021-07-06,0823,018094,,2,1,9,1800,0,1,2,,2,014,US-395,"HUMPRHEY HILL",0.20,N,N,A,-,Y,,,,,,,,,,N,4,0,3,2,A,-,03,22350,,N,C,C,A,A,H,-,A,D,0,,,,,Y,,A,01,0,0,3,0,0,0,0,0,0,"- ","- ",40.092338562011719,-120.19027709960938,LASSEN,UNINCORPORATED,,
91518974,2021,2021-07-13,9140,2021-07-07,2000,020259,,3,2,9,1800,0,1,2,,2,013,US-395,CR-A3,460.00,N,N,A,-,Y,,,395,,,,,,,N,4,0,1,1,C,-,18,,,N,E,J,A,A,H,-,A,A,0,,,,,Y,,-,"- ",0,0,1,0,0,0,0,0,0,"- ","- ",40.284530639648438,-120.49128723144531,LASSEN,UNINCORPORATED,-120.49122619628906,40.284610748291016
91519746,2021,2021-07-14,9165,2021-07-05,2034,019583,,1,2,9,1800,0,1,3,,2,060,SR-70,"MONUMENT LANE",4224.00,E,N,A,-,Y,,,70,,,,,,,Y,2,0,1,1,A,-,01,23152,A,N,F,A,A,A,H,-,B,D,0,,,Y,,Y,Y,C,02,1,0,0,0,0,0,0,0,1,"- ","- ",39.790229797363281,-120.10214233398438,LASSEN,UNINCORPORATED,-120.10214233398438,39.790241241455078
91525653,2021,2021-09-01,9140,2021-07-14,1410,016322,,3,2,9,1800,0,1,2,,2,021,US-395,"WINDRIFT ROAD",2640.00,N,N,A,-,N,,,395,,,,,,,Y,1,1,1,1,A,-,05,21650,,N,E,I,A,A,H,-,A,D,0,,,,,Y,,A,07,1,0,0,0,0,0,0,0,0,"- ","- ",40.365451812744141,-120.40509033203125,LASSEN,UNINCORPORATED,-120.40509796142578,40.365493774414062
91526183,2021,2021-07-22,9165,2021-07-18,1223,013901,,7,1,9,1800,0,1,3,,2,063,US-395,SR-70,12672.00,N,N,B,F,Y,,,395,,,,,,,Y,3,0,1,2,A,-,03,22350,,N,C,C,A,A,H,-,A,D,0,,,,,Y,,A,01,0,1,0,0,0,0,0,0,0,"- ","- ",39.809429168701172,-120.03311920166016,LASSEN,UNINCORPORATED,-120.03314971923828,39.809429168701172
91526422,2021,2021-09-30,9140,2021-07-18,1645,021683,,7,2,9,1800,0,1,3,,2,031,"STATE ROUTE 139","TERMO GRASSHOPPER ROAD",24816.00,S,N,A,-,Y,,,139,,,,,,,Y,2,0,3,2,A,-,03,22350,,N,C,C,A,A,H,-,A,D,0,,,Y,,Y,,C,02,1,2,0,0,0,0,0,0,3,"- ","- ",40.843021392822266,-120.75132751464844,LASSEN,UNINCORPORATED,-120.75135803222656,40.843006134033203
91528157,2021,2021-07-26,9165,2021-07-15,0325,019781,,4,3,9,1800,0,1,3,,2,063,US-395,"BLM RD",10.00,N,N,A,-,Y,,,395,,,,,,,Y,2,0,2,2,A,-,01,23152,F,N,C,C,A,A,H,-,D,D,0,,,,Y,Y,,D,22,2,0,0,0,0,0,0,0,0,"- ","- ",39.87969970703125,-120.02722930908203,LASSEN,UNINCORPORATED,-120.0272216796875,39.879692077636719
91531166,2021,2021-07-29,9140,2021-07-19,1759,020259,,1,2,9,1800,0,1,2,,2,015,US-395,"HALL RD",1584.00,N,N,E,G,Y,,,395,,,,,,,Y,3,0,2,2,A,-,03,22350,,N,C,C,A,A,H,-,A,D,0,,,,,Y,,A,01,0,1,1,0,0,0,0,0,0,"- ","- ",40.006248474121094,-120.08966064453125,LASSEN,UNINCORPORATED,-120.08969116210938,40.006229400634766
91542284,2021,2021-08-11,9135,2021-08-09,1836,018866,,1,2,9,1800,0,3,5,,2,007,"DAY RD","OAKWOODS DR.",385.00,S,N,A,-,N,,,,,,,,,,Y,3,0,1,1,A,-,01,23152,A,N,E,I,A,A,H,-,A,D,0,,,,,Y,Y,D,22,0,1,0,0,0,0,0,0,0,"- ","- ",41.11376953125,-121.33203125,LASSEN,UNINCORPORATED,-121.33197021484375,41.113742828369141
91542937,2021,2021-08-12,9140,2021-08-08,2040,020696,,7,2,9,1800,0,1,3,,2,031,SR-139,"MERRILLVILLE ROAD",38016.00,N,N,A,-,Y,,,139,,,,,,,Y,3,0,2,1,C,-,18,,,N,H,H,A,A,H,-,D,D,0,,,,,Y,,-,"- ",0,2,0,0,0,0,0,0,0,"- ","- ",40.636970520019531,-120.65331268310547,LASSEN,UNINCORPORATED,-120.65331268310547,40.636962890625
91550025,2021,2021-08-20,9140,2021-08-10,0330,020696,,2,3,9,1800,0,1,2,,2,021,US-395,"LAKE LEAVITT RD.",365.00,N,N,A,-,Y,,,395,,,,,,,Y,3,0,1,1,A,-,01,23152,A,M,E,8,A,A,H,-,D,D,0,,,,,Y,Y,A,01,0,1,0,0,0,0,0,0,0,"- ","- ",40.364948272705078,-120.44268035888672,LASSEN,UNINCORPORATED,-120.44268035888672,40.364963531494141
91558829,2021,2021-08-30,9140,2021-08-25,1410,020259,,3,2,9,1800,0,1,3,,2,032,SR-44,"CONARD RD",4752.00,W,N,A,-,Y,,,44,,,,,,,N,2,0,1,1,A,-,08,22107,,N,E,I,A,A,H,-,A,D,0,,,,,Y,,D,22,1,0,0,0,0,0,0,0,0,"- ","- ",40.447109222412109,-120.88870239257812,LASSEN,UNINCORPORATED,-120.88870239257812,40.447090148925781
91560663,2021,2021-09-01,9140,2021-07-06,1045,020502,,2,1,9,1800,0,1,3,,2,031,"STATE ROUTE 139","SPRING RIDGE DRIVE",21648.00,N,N,A,-,Y,,,139,,,,,,,Y,1,1,0,2,A,-,03,22350,,N,F,0,A,A,H,-,A,D,0,,,Y,,Y,,C,02,0,0,0,0,0,0,0,1,0,"- ","- ",40.455879211425781,-120.58791351318359,LASSEN,UNINCORPORATED,-120.58789825439453,40.455902099609375
91566742,2021,2021-09-09,9140,2021-08-22,1526,020458,,7,2,9,1800,0,1,3,,2,034,"STATE ROUTE 44","FOREST ROAD 33N02",528.00,W,N,A,-,Y,,,,,,,,,,Y,1,1,0,1,A,-,08,22107,,N,F,A,A,A,H,-,A,D,0,,,,,Y,,A,07,0,0,0,0,0,0,0,0,0,"- ","- ",,,LASSEN,UNINCORPORATED,-121.11410522460938,40.612899780273438
91567814,2021,2021-09-17,9140,2021-08-24,0410,020519,,2,3,9,1800,0,1,2,,2,022,"US 395","DEEP CUT ROAD",7392.00,N,N,A,-,Y,,,,,,,,,,Y,1,1,2,1,A,-,08,22107,,N,F,A,A,A,H,-,D,D,0,,,,,Y,,A,07,0,0,2,0,0,0,0,0,0,"- ","- ",40.530078887939453,-120.26268768310547,LASSEN,UNINCORPORATED,-120.26540374755859,40.517585754394531
91572964,2021,2021-09-17,9140,2021-09-05,0305,020519,,7,3,9,1800,0,1,A,,2,730,"CENTER ROAD","LEAVITT LANE",8448.00,E,N,A,-,N,,,,,,,,,,Y,4,0,1,1,A,-,08,22107,,N,E,I,A,A,H,-,D,D,0,,,,,Y,,A,08,0,0,1,0,0,0,0,0,0,"- ","- ",40.398151397705078,-120.48893737792969,LASSEN,UNINCORPORATED,-120.49164581298828,40.397991180419922
91573568,2021,2021-10-01,9140,2021-09-09,0553,020458,,4,3,9,1800,0,1,3,,2,032,SR-44,"MCCOY RD.",4224.00,E,N,A,-,Y,,,44,,,,,,,Y,3,0,1,1,A,-,08,22107,,N,F,A,A,A,H,-,D,D,0,,,,,Y,,D,22,0,1,0,0,0,0,0,0,0,"- ","- ",40.454921722412109,-120.91519927978516,LASSEN,UNINCORPORATED,-120.91521453857422,40.454898834228516
91573570,2021,2021-09-17,9140,2021-09-10,0631,020458,,5,1,9,1800,0,1,3,,2,031,SR-139,"MERIIVILLE RD.",23760.00,N,N,B,C,Y,,,139,,,,,,,Y,3,0,1,1,A,-,01,23152,A,N,E,I,A,B,H,-,B,D,0,,,,,Y,Y,A,01,0,1,0,0,0,0,0,0,0,"- ","- ",40.606891632080078,-120.64203643798828,LASSEN,UNINCORPORATED,-120.64208984375,40.606853485107422
91577025,2021,2021-09-22,9140,2021-09-16,1645,016169,,4,2,9,1800,0,3,5,,2,010,"FORT SAGE ROAD","CALVEDA WAY",145.00,W,N,A,-,N,,,,,,,,,,Y,4,0,1,1,A,-,03,22350,,N,E,I,A,A,H,-,A,D,0,,,,,Y,,D,22,0,0,1,0,0,0,0,0,0,"- ","- ",40.05303955078125,-119.59520721435547,LASSEN,UNINCORPORATED,-119.99785614013672,40.091823577880859
91577770,2021,2021-09-23,9165,2021-09-21,0342,013901,,2,3,9,1800,0,1,3,,2,063,US-395,"RED ROCK ROAD",1056.00,S,N,A,-,Y,,,395,,,,,,,Y,4,0,1,1,C,-,18,,,N,H,7,A,A,H,-,D,D,0,,,,,Y,,-,"- ",0,0,1,0,0,0,0,0,0,"- ","- ",39.907108306884766,-120.0128173828125,LASSEN,UNINCORPORATED,-120.01270294189453,39.907096862792969
91579406,2021,2021-09-27,9140,2021-09-23,1350,020569,,4,1,9,1800,0,1,3,,2,041,"HWY 139","SPRING RIDGE RD",13200.00,N,N,A,-,Y,,,139,,,,,,,N,2,0,1,1,C,-,18,,,N,H,A,A,A,H,-,A,D,0,,,Y,,Y,,-,"- ",1,0,0,0,0,0,0,0,1,"- ","- ",40.468151092529297,-120.61036682128906,LASSEN,UNINCORPORATED,-120.61038208007812,40.468105316162109
91580846,2021,2021-09-27,9165,2021-09-20,0030,018622,,1,3,9,1800,0,1,3,,2,062,"US-395 N/B","COUNTRY LANE",60.00,N,N,A,-,Y,,,395,,,,,,N,N,4,0,1,1,C,-,18,,,N,H,H,A,A,H,-,D,D,0,,,,,Y,,-,"- ",0,0,1,0,0,0,0,0,0,"- ","- ",39.737888336181641,-120.03884887695312,LASSEN,UNINCORPORATED,-120.03883361816406,39.737892150878906
91581381,2021,2021-09-28,9140,2021-09-19,0640,019275,,7,1,9,1800,0,1,3,,2,031,SR-139,"CLEGHORN ROAD",274.00,S,N,B,-,Y,,,139,,,,,,,Y,3,0,2,1,A,-,08,22107,,N,F,A,A,A,H,-,A,D,0,,,,Y,Y,,G,25,0,1,1,0,0,0,0,0,0,"- ","- ",40.767181396484375,-120.7259521484375,LASSEN,UNINCORPORATED,-120.72588348388672,40.7672119140625
91593068,2021,2021-10-11,9135,2021-10-01,1925,020908,,5,2,9,1800,0,1,3,,2,651,SR-299,"PITTVILLE TOTTEN RD",1000.00,E,N,A,-,Y,,,299,,,,,,,N,3,0,2,1,C,-,18,,,N,H,H,A,A,G,-,D,D,0,,,,,Y,,-,"- ",0,2,0,0,0,0,0,0,0,"- ","- ",41.074108123779297,-121.32781982421875,LASSEN,UNINCORPORATED,-121.32782745361328,41.074123382568359
91596298,2021,2021-10-14,9170,2021-10-11,0710,015993,,1,1,9,1800,0,1,2,,1,002,"U.S. HIGHWAY 395","ASH VALLEY ROAD",250.00,N,N,D,-,Y,,,395,,,,,,,Y,3,0,1,1,A,-,03,22350,,N,F,A,A,C,H,-,A,D,0,,,,,Y,,D,22,0,1,0,0,0,0,0,0,0,"- ","- ",41.055618286132812,-120.47344207763672,LASSEN,UNINCORPORATED,-120.47348785400391,41.055633544921875
91599408,2021,2021-10-18,9140,2021-09-18,1444,016169,,6,2,9,1800,0,1,2,,2,013,US-395,"DESERT PINE TRAIL",700.00,N,N,E,G,Y,,,395,,,,,,,Y,3,0,2,2,A,-,03,22350,,N,C,C,A,A,H,-,A,D,0,,,,,Y,,D,22,0,2,0,0,0,0,0,0,0,"- ","- ",40.133148193359375,-120.26130676269531,LASSEN,UNINCORPORATED,-120.26146697998047,40.132865905761719
91605685,2021,2021-10-25,9140,2021-08-13,0315,020696,,5,3,9,1800,0,1,3,,2,031,"STATE ROUTE 139","RICE CANYON RD.",100.00,N,N,F,-,Y,,,139,,,,,,,Y,1,1,0,1,A,-,08,22107,,N,E,I,A,A,H,-,D,D,0,,,,Y,Y,,G,25,0,0,0,0,0,0,0,0,0,"- ","- ",40.480209350585938,-120.54503631591797,LASSEN,UNINCORPORATED,-120.54505157470703,40.480216979980469
91605714,2021,2021-10-25,9140,2021-07-10,0942,021238,,6,1,9,1800,0,1,3,,2,041,"STATE ROUTE 36","LASSEN COUNTY ROAD A-21 (MOONEY RD)",9240.00,E,N,A,-,Y,,,,,,,,,,Y,2,0,1,1,A,-,08,22107,,N,E,8,A,A,H,-,A,D,0,,,,,Y,,A,07,1,0,0,0,0,0,0,0,0,"- ","- ",40.317180633544922,-121.95922088623047,LASSEN,UNINCORPORATED,-120.63362884521484,40.407367706298828
91605766,2021,2021-10-25,9140,2021-06-06,2038,021034,,7,2,9,1800,0,1,3,,2,031,"STATE ROUTE 139","SPRING RIDGE ROAD",17424.00,N,N,A,-,Y,,,139,,,,,,,Y,1,1,0,1,A,-,08,22107,,N,E,I,A,A,H,-,D,D,0,,,,,Y,,D,22,0,0,0,0,0,0,0,0,0,"- ","- ",40.461551666259766,-120.59998321533203,LASSEN,UNINCORPORATED,-120.5999755859375,40.461559295654297
91615074,2021,2021-11-03,9135,2021-10-23,0935,018777,,6,1,9,1800,0,1,3,,2,652,SR-139,"SUSANVILLE ROAD",15312.00,S,N,C,-,Y,,,139,,,,,,,Y,3,0,2,1,A,-,08,22107,,N,E,I,A,B,H,-,A,D,0,,,,,Y,,A,07,0,2,0,0,0,0,0,0,0,"- ","- ",41.083759307861328,-120.9017333984375,LASSEN,UNINCORPORATED,-120.90164184570312,41.083953857421875
91616444,2021,2021-11-04,9140,2021-11-01,0100,020502,,1,3,9,1800,0,1,3,,2,032,"STATE ROUTE 44","MCCOY ROAD",1056.00,W,N,B,-,Y,,,44,,,,,,,Y,3,0,1,1,A,-,08,22107,,N,F,A,A,A,H,-,D,D,0,,,,,Y,,A,07,0,1,0,0,0,0,0,0,0,"- ","- ",40.468681335449219,-120.93144989013672,LASSEN,UNINCORPORATED,-120.93141937255859,40.468711853027344
91618573,2021,2021-11-08,9140,2021-11-04,1035,020696,,4,1,9,1800,0,1,2,,2,015,US-395,"COUNTY ROAD A26",4224.00,N,N,A,G,N,,,395,,,,,,,Y,3,0,1,1,C,-,18,,,N,F,A,A,A,H,-,A,D,0,,,,,Y,,-,"- ",0,1,0,0,0,0,0,0,0,"- ","- ",40.084438323974609,-120.15921020507812,LASSEN,UNINCORPORATED,-120.15921783447266,40.084423065185547
91621492,2021,2022-01-17,9165,2021-10-30,0554,018506,,6,3,9,1800,0,1,3,,2,062,"US-395 S/B",SR-70,2640.00,S,N,A,-,Y,,,395,,,,,,S,N,1,1,0,2,A,-,11,21954,A,F,G,B,E,A,H,-,D,D,0,Y,,,,Y,,N,60,0,0,0,1,0,0,0,0,0,"- ","- ",39.767200469970703,-120.03913879394531,LASSEN,UNINCORPORATED,-120.0391845703125,39.767200469970703
91621918,2021,2021-11-10,9140,2021-11-04,1047,014395,,4,1,9,1800,0,1,S,,2,904,US-395,"CONSTANTIA RD (S)",5280.00,S,N,F,G,Y,,,395,,,,,,,N,4,0,2,2,A,-,03,22350,,N,C,C,A,A,H,-,A,D,0,,,,,Y,,A,08,0,0,2,0,0,0,0,0,0,"- ","- ",39.939430236816406,-120.02162933349609,LASSEN,UNINCORPORATED,-120.02159881591797,39.939449310302734
91628403,2021,2021-11-18,9140,2021-11-10,0045,020502,,3,3,9,1800,0,1,3,,2,031,"STATE ROUTE 139","COUNTY ROAD A1",3168.00,S,N,A,-,Y,,,139,,,,,,,N,3,0,1,1,A,-,08,22107,,N,E,I,A,A,H,-,D,D,0,,,,,Y,,D,22,0,1,0,0,0,0,0,0,0,"- ","- ",40.732719421386719,-120.70143890380859,LASSEN,UNINCORPORATED,-120.70142364501953,40.732791900634766
91630532,2021,2021-11-19,9170,2021-09-03,0620,021104,,5,1,9,1800,0,1,2,,1,001,"US HIGHWAY 395","COUNTY ROAD 527",12672.00,N,N,A,-,Y,,,395,,,,,,,Y,1,2,0,1,A,-,08,22107,,N,E,8,A,A,H,-,B,D,0,,,,,Y,,A,01,0,0,0,0,0,0,0,0,0,"- ","- ",41.087509155273438,-120.47055053710938,LASSEN,UNINCORPORATED,-120.47087860107422,41.087482452392578
91633119,2021,2021-11-23,9140,2021-11-10,1930,016322,,3,2,9,1800,0,3,5,,2,010,"DOYLE LOOP",US-395,75.00,E,N,A,-,N,,,,,,,,,,Y,2,0,1,1,A,-,05,21650,,N,F,A,A,A,H,-,C,D,0,,,Y,,Y,Y,C,02,1,0,0,0,0,0,0,0,1,"- ","- ",40.031768798828125,-120.10768127441406,LASSEN,UNINCORPORATED,-120.10021399999999,40.013634000000003
91638156,2021,2021-11-30,9140,2021-11-20,0250,020519,,6,3,9,1800,0,3,5,,2,010,"COUNTY ROAD A26","SIERRA VISTA ROAD",1150.00,E,N,A,-,N,,,,,,,,,,Y,3,0,1,1,A,-,08,22107,,N,F,A,A,A,H,-,D,D,0,,,,,Y,,A,01,0,1,0,0,0,0,0,0,0,"- ","- ",40.132720947265625,-120.17003631591797,LASSEN,UNINCORPORATED,-120.17031860351562,40.129459381103516
91638212,2021,2021-11-30,9140,2021-11-25,0505,020696,,4,3,9,1800,0,1,3,,2,011,SR-36,"WILLARD CREEK RD.",1584.00,E,N,A,-,Y,,,36,,,,,,,Y,3,0,1,1,A,-,08,22107,,N,F,A,A,A,H,-,D,D,0,,,,,Y,,A,01,0,1,0,0,0,0,0,0,0,"- ","- ",40.384029388427734,-120.79749298095703,LASSEN,UNINCORPORATED,-120.79743194580078,40.383960723876953
91638707,2021,2021-11-30,9140,2021-11-14,1919,016169,,7,2,3,1801,0,3,5,,2,020,"SKYLINE ROAD","JOHNSTONVILLE ROAD",4752.00,N,N,A,-,N,,,,,,,,,,Y,3,0,1,1,A,-,01,23152,A,N,F,A,A,D,H,-,D,D,0,,,,,Y,Y,A,07,0,1,0,0,0,0,0,0,0,"- ","- ",40.415679931640625,-120.6234130859375,LASSEN,SUSANVILLE,-120.62339019775391,40.404609680175781
91639729,2021,2021-12-01,9135,2021-11-25,1930,019680,,4,2,9,1800,0,1,3,,2,020,"LITTLE VALLEY RD","LUMBEE DR.",6336.00,N,N,A,-,N,,,,,,,,,,Y,2,0,2,1,A,-,03,22350,,N,E,I,A,A,H,-,D,D,0,,,,,Y,,A,07,1,1,0,0,0,0,0,0,0,"- ","- ",33.894199371337891,-118.29820251464844,LASSEN,UNINCORPORATED,-121.22679138183594,40.915004730224609
91640022,2021,2021-12-01,9135,2021-08-18,2500,018777,,3,4,9,1800,0,3,5,,2,007,"LASSEN COUNTY ROAD A2 (SUSANVILLE ROAD)","FINLEY ROAD",132.00,N,N,A,-,Y,,,,,,,,,,Y,1,1,0,1,A,-,01,23152,A,N,E,8,A,A,H,-,D,D,0,,,,,Y,Y,D,22,0,0,0,0,0,0,0,0,0,"- ","- ",41.132110595703125,-121.06800842285156,LASSEN,UNINCORPORATED,-121.06704711914062,41.132160186767578
91640065,2021,2021-12-01,9140,2021-11-25,1555,020806,,4,2,9,1800,0,1,3,,2,034,"STATE ROUTE 44","PITTVILLE ROAD",3168.00,W,N,A,-,Y,,,,,,,,,,Y,2,0,2,1,A,-,08,22107,,N,F,A,A,A,H,-,A,D,0,,,,,Y,,D,23,2,0,0,0,0,0,0,0,0,"- ","- ",,,LASSEN,UNINCORPORATED,-121.17710876464844,40.650211334228516
91646751,2021,2021-12-08,9140,2021-12-06,1015,019275,,1,1,9,1800,0,1,2,,2,021,US-395,"BYERS PASS ROAD",2640.00,N,N,B,-,Y,,,395,,,,,,,Y,3,0,1,1,A,-,08,22107,,N,E,I,A,A,H,-,A,A,0,,,,,Y,,A,07,0,1,0,0,0,0,0,0,0,"- ","- ",40.374019622802734,-120.47828674316406,LASSEN,UNINCORPORATED,-120.47829437255859,40.374000549316406
91650507,2021,2021-12-13,9135,2021-12-09,0645,020908,,4,1,9,1800,0,1,3,,2,651,"SR-299 E/B (LASSEN STATE HIGHWAY)","BEAR SPRINGS RD",5280.00,E,N,A,-,Y,,,299,,,,,,E,Y,2,0,3,1,A,-,03,22350,,N,F,A,A,C,H,-,D,D,0,,,,,Y,,E,22,3,0,0,0,0,0,0,0,0,"- ","- ",41.070011138916016,-121.25189208984375,LASSEN,UNINCORPORATED,-121.25190734863281,41.069908142089844